fy,fy_koniec,obec,kod,suma
2024,2024-10-15,Spišská Belá,VI.24,11618.15
2024,2024-10-15,Černochov,VI.24,8091.32
2024,2024-10-15,Černochov,VI.24,9245.86
2024,2024-10-15,Černochov,VI.24,2966.84
2024,2024-10-15,Baloň,VI.24,6521.25
2024,2024-10-15,Baloň,VI.24,6521.25
2024,2024-10-15,Blatná na Ostrove,VI.7,86302.95
2024,2024-10-15,Dolné Saliby,VI.24,42254.96
2024,2024-10-15,Horné Saliby,VI.24,40998.79
2024,2024-10-15,Hoste,VI.24,5988.89
2024,2024-10-15,Kráľov Brod,VI.24,22041.98
2024,2024-10-15,Kráľov Brod,VI.24,2919.59
2024,2024-10-15,Kráľov Brod,VI.24,860.14
2024,2024-10-15,Kráľov Brod,VI.24,5796.44
2024,2024-10-15,Topoľnica,VI.24,11473.2
2024,2024-10-15,Veľký Grob,VI.24,14220.0
2024,2024-10-15,Vozokany,VI.24,29941.37
2024,2024-10-15,Iža,VI.24,4792.5
2024,2024-10-15,Iža,VI.24,17971.88
2024,2024-10-15,Vrbová nad Váhom,VI.24,6938.05
2024,2024-10-15,Vrbová nad Váhom,VI.24,6938.05
2024,2024-10-15,Dolné Semerovce,VI.24,11981.79
2024,2024-10-15,Nemčiňany,VI.24,14965.96
2024,2024-10-15,Nová Ves nad Žitavou,VI.24,5294.39
2024,2024-10-15,Nová Ves nad Žitavou,VI.24,4720.98
2024,2024-10-15,Nová Ves nad Žitavou,VI.24,4984.38
2024,2024-10-15,Vieska nad Žitavou,VI.24,14809.59
2024,2024-10-15,Vinodol,VI.24,16386.68
2024,2024-10-15,Bešeňov,VI.24,11519.42
2024,2024-10-15,Bešeňov,VI.24,4813.41
2024,2024-10-15,Branovo,VI.24,7493.33
2024,2024-10-15,Komoča,VI.7,86381.7
2024,2024-10-15,Nová Vieska,VI.24,9418.04
2024,2024-10-15,Šarkan,VI.24,6805.85
2024,2024-10-15,Bukovec,VI.24,12523.56
2024,2024-10-15,Bukovec,VI.24,2436.96
2024,2024-10-15,Jablonica,VI.24,18375.0
2024,2024-10-15,Prietrž,VI.24,12649.58
2024,2024-10-15,Prietrž,VI.24,2788.29
2024,2024-10-15,Prietržka,VI.24,13500.0
2024,2024-10-15,Prietržka,VI.24,621.53
2024,2024-10-15,Prietržka,VI.24,5400.0
2024,2024-10-15,Radimov,VI.24,5239.25
2024,2024-10-15,Radimov,VI.24,7547.33
2024,2024-10-15,Radimov,VI.24,7145.17
2024,2024-10-15,Kolačno,VI.24,10980.0
2024,2024-10-15,Miezgovce,VI.24,7689.6
2024,2024-10-15,Prusy,VI.24,126.23
2024,2024-10-15,Prusy,VI.24,189.33
2024,2024-10-15,Prusy,VI.24,6475.5
2024,2024-10-15,Prusy,VI.24,1160.23
2024,2024-10-15,Prusy,VI.24,1139.68
2024,2024-10-15,Prusy,VI.24,882.1
2024,2024-10-15,Prusy,VI.24,189.33
2024,2024-10-15,Prusy,VI.24,1695.62
2024,2024-10-15,Prusy,VI.24,1160.23
2024,2024-10-15,Prusy,VI.24,1160.23
2024,2024-10-15,Prusy,VI.24,3893.31
2024,2024-10-15,Prusy,VI.24,1160.23
2024,2024-10-15,Prusy,VI.24,264.72
2024,2024-10-15,Solčany,VI.24,19710.0
2024,2024-10-15,Súlovce,VI.7,109242.78
2024,2024-10-15,Veľký Klíž,VI.24,12600.0
2024,2024-10-15,Závada,VI.24,17546.48
2024,2024-10-15,Dolná Súča,VI.24,28776.36
2024,2024-10-15,Ivanovce,VI.24,18930.0
2024,2024-10-15,Nemšová,VI.24,14024.39
2024,2024-10-15,Omšenie,VI.24,14999.84
2024,2024-10-15,Skalka nad Váhom,VI.24,11013.3
2024,2024-10-15,Vaďovce,VI.24,18254.75
2024,2024-10-15,Višňové,VI.24,2407.75
2024,2024-10-15,Višňové,VI.24,10064.17
2024,2024-10-15,Malženice,VI.24,28008.85
2024,2024-10-15,Merašice,VI.24,16043.72
2024,2024-10-15,Horná Lehota,VI.24,6910.16
2024,2024-10-15,Dunajov,VI.24,18031.81
2024,2024-10-15,Klubina,VI.24,28223.52
2024,2024-10-15,Klubina,VI.24,9548.12
2024,2024-10-15,Sedliacka Dubová,VI.7,33561.0
2024,2024-10-15,Bešeňová,VI.24,13141.92
2024,2024-10-15,Malužiná,VI.24,2320.0
2024,2024-10-15,Vavrišovo,VI.24,15000.0
2024,2024-10-15,Prša,VI.24,8952.57
2024,2024-10-15,Ratka,VI.24,6725.7
2024,2024-10-15,Veľké Dravce,VI.24,8958.11
2024,2024-10-15,Veľká Ves,VI.24,11205.95
2024,2024-10-15,Visolaje,VI.24,13451.93
2024,2024-10-15,Radobica,VI.7,42480.0
2024,2024-10-15,Hnúšťa,VI.24,74795.16
2024,2024-10-15,Príbelce,VI.24,26692.5
2024,2024-10-15,Sklabiná,VI.24,30750.0
2024,2024-10-15,Litava,VI.24,30023.09
2024,2024-10-15,Sielnica,VI.24,459.0
2024,2024-10-15,Sielnica,VI.24,3484.8
2024,2024-10-15,Sielnica,VI.24,360.0
2024,2024-10-15,Sielnica,VI.24,762.3
2024,2024-10-15,Sielnica,VI.24,59.4
2024,2024-10-15,Sielnica,VI.24,3784.5
2024,2024-10-15,Sielnica,VI.24,720.0
2024,2024-10-15,Stará Huta,VI.24,5602.74
2024,2024-10-15,Stará Huta,VI.24,3157.84
2024,2024-10-15,Stará Huta,VI.24,6831.34
2024,2024-10-15,Stará Huta,VI.24,14333.61
2024,2024-10-15,Stožok,VI.24,1900.77
2024,2024-10-15,Stožok,VI.24,25810.46
2024,2024-10-15,Svätý Anton,VI.24,1440.68
2024,2024-10-15,Svätý Anton,VI.24,11821.12
2024,2024-10-15,Bzenica,VI.24,15421.5
2024,2024-10-15,Dolná Trnávka,VI.24,5895.0
2024,2024-10-15,Dolná Trnávka,VI.24,7092.0
2024,2024-10-15,Dolná Trnávka,VI.24,4401.0
2024,2024-10-15,Horné Hámre,VI.7,105140.7
2024,2024-10-15,Jastrabá,VI.24,17094.92
2024,2024-10-15,Prochot,VI.24,375.0
2024,2024-10-15,Prochot,VI.24,105.0
2024,2024-10-15,Prochot,VI.24,11807.86
2024,2024-10-15,Prochot,VI.24,2554.82
2024,2024-10-15,Lysica,VI.24,11250.0
2024,2024-10-15,Lysica,VI.24,9900.63
2024,2024-10-15,Strečno,VI.24,176.79
2024,2024-10-15,Strečno,VI.24,1496.01
2024,2024-10-15,Strečno,VI.24,1074.05
2024,2024-10-15,Strečno,VI.24,19746.41
2024,2024-10-15,Hervartov,VI.24,6488.54
2024,2024-10-15,Mokroluh,VI.24,6161.07
2024,2024-10-15,Mokroluh,VI.24,22291.41
2024,2024-10-15,Mokroluh,VI.24,10382.3
2024,2024-10-15,Železník,VI.24,20554.55
2024,2024-10-15,Baškovce,VI.7,44888.4
2024,2024-10-15,Čabalovce,VI.24,9973.95
2024,2024-10-15,Čabalovce,VI.24,4474.85
2024,2024-10-15,Krásny Brod,VI.24,14370.1
2024,2024-10-15,Vyšné Ladičkovce,VI.24,16490.3
2024,2024-10-15,Malá Ida,VI.24,31097.57
2024,2024-10-15,Šemša,VI.24,30690.29
2024,2024-10-15,Vyšný Klátov,VI.24,36130.11
2024,2024-10-15,Baškovce,VI.24,5508.91
2024,2024-10-15,Jenkovce,VI.7,14716.68
2024,2024-10-15,Suché,VI.24,18542.22
2024,2024-10-15,Suché,VI.24,14990.22
2024,2024-10-15,Červený Kláštor,VI.24,18750.0
2024,2024-10-15,Červený Kláštor,VI.24,17478.82
2024,2024-10-15,Červený Kláštor,VI.24,1268.51
2024,2024-10-15,Mlynica,VI.24,8077.83
2024,2024-10-15,Mlynica,VI.24,6725.75
2024,2024-10-15,Tvarožná,VI.24,33297.02
2024,2024-10-15,Vlkovce,VI.24,12905.99
2024,2024-10-15,Hendrichovce,VI.24,15205.1
2024,2024-10-15,Jakubovany,VI.24,18974.44
2024,2024-10-15,Nemcovce,VI.24,17130.62
2024,2024-10-15,Pušovce,VI.7,75000.0
2024,2024-10-15,Domaňovce,VI.24,13846.16
2024,2024-10-15,Henclová,VI.7,23803.57
2024,2024-10-15,Hnilčík,VI.24,7468.5
2024,2024-10-15,Ďurková,VI.24,7687.5
2024,2024-10-15,Hromoš,VI.24,15213.58
2024,2024-10-15,Nižné Ružbachy,VI.24,15052.92
2024,2024-10-15,Nižné Ružbachy,VI.24,3697.08
2024,2024-10-15,Pusté Pole,VI.24,6963.53
2024,2024-10-15,Mestisko,VI.24,10077.93
2024,2024-10-15,Nižný Mirošov,VI.24,10628.12
2024,2024-10-15,Soboš,VI.24,18566.03
2024,2024-10-15,Soboš,VI.24,1685.76
2024,2024-10-15,Soboš,VI.24,22461.29
2024,2024-10-15,Stročín,VI.24,11626.21
2024,2024-10-15,Svidnička,VI.24,11199.01
2024,2024-10-15,Hraň,VI.24,20247.66
2024,2024-10-15,Hrčeľ,VI.24,20341.31
2024,2024-10-15,Kysta,VI.24,20257.47
2024,2024-10-15,Svätuše,VI.24,37611.27
2024,2024-10-15,Zemplínska Nová Ves,VI.24,30048.79
2024,2024-10-15,Babie,VI.24,18888.45
2024,2024-10-15,Babie,VI.24,603.1
2024,2024-10-15,Ďapalovce,VI.24,9060.29
2024,2024-10-15,Ďapalovce,VI.24,8757.0
2024,2024-10-15,Kladzany,VI.24,12547.37
2024,2024-10-15,Kladzany,VI.24,8876.3
2024,2024-10-15,Kvakovce,VI.7,17996.61
2024,2024-10-15,Kvakovce,VI.24,9554.71
2024,2024-10-15,Kvakovce,VI.24,1485.0
2024,2024-10-15,Kvakovce,VI.24,1297.01
2024,2024-10-15,Kvakovce,VI.24,2739.08
2024,2024-10-15,Ondavské Matiašovce,VI.24,11897.6
2024,2024-10-15,Ondavské Matiašovce,VI.24,1755.0
2024,2024-10-15,Ondavské Matiašovce,VI.24,4126.7
2024,2024-10-15,Žalobín,VI.24,8907.4
2024,2024-10-15,Horná Seč,VI.24,825.93
2024,2024-10-15,Horná Seč,VI.24,11566.8
2024,2024-10-15,Slatina,VI.24,15000.0
2024,2024-10-15,Starý Hrádok,VI.24,972.16
2024,2024-10-15,Starý Hrádok,VI.24,11725.54
2024,2024-10-15,Konská,VI.24,2491.54
2024,2024-10-15,Konská,VI.24,1888.19
2024,2024-10-15,Konská,VI.24,7586.87
2024,2024-10-15,Abovce,VI.7,106247.79
2024,2024-10-15,Dolná Streda,VI.24,12852.99
2024,2024-10-15,Chyžné,VI.24,6948.95
2024,2024-10-15,Lesenice,VI.24,8365.01
2024,2024-10-15,Lesenice,VI.24,10765.83
2024,2024-10-15,Lesenice,VI.24,2429.7
2024,2024-10-15,Lesenice,VI.24,2630.39
2024,2024-10-15,Lesenice,VI.24,5959.18
2024,2024-10-15,Lipovany,VI.24,9000.0
2024,2024-10-15,Kocurany,VI.24,4614.52
2024,2024-10-15,Kocurany,VI.24,5875.92
2024,2024-10-15,Pinciná,VI.24,9000.0
2024,2024-10-15,Lackov,VI.24,9457.01
2024,2024-10-15,Devičie,VI.24,12200.35
2024,2024-10-15,Horné Chlebany,VI.24,15878.04
2024,2024-10-15,Červený Hrádok,VI.24,14063.9
2024,2024-10-15,Nižný Čaj,VI.24,16640.1
2024,2024-10-15,Bodovce,VI.24,20332.13
2024,2024-10-15,Daletice,VI.24,30845.68
2024,2024-10-15,Klieština,VI.7,90000.0
2024,2024-10-15,Belince,VI.24,6081.88
2024,2024-10-15,Belince,VI.24,1855.35
2024,2024-10-15,Belince,VI.24,1677.5
2024,2024-10-15,Hrušovany,VI.24,12952.8
2024,2024-10-15,Hrušovany,VI.24,3349.52
2024,2024-10-15,Chrabrany,VI.24,12731.77
2024,2024-10-15,Kamanová,VI.24,19437.78
2024,2024-10-15,Koniarovce,VI.24,15292.74
2024,2024-10-15,Slatinka nad Bebravou,VI.24,6157.82
2024,2024-10-15,Matúškovo,VI.24,28839.65
2024,2024-10-15,Veľké Straciny,VI.7,99374.93
2024,2024-10-15,Lúčka,VI.24,7073.87
2024,2024-10-15,Lúčka,VI.24,5053.78
2024,2024-10-15,Lúčka,VI.24,5470.39
2024,2024-10-15,Lúčka,VI.24,5495.72
2024,2024-10-15,Lúčka,VI.24,599.58
2024,2024-10-15,Dukovce,VI.24,20601.8
2024,2024-10-15,Ľubica,VI.24,14361.11
2024,2024-10-15,Ľubica,VI.24,2872.22
2024,2024-10-15,Veľké Kozmálovce,VI.24,6090.3
2024,2024-10-15,Veľké Kozmálovce,VI.24,2800.76
2024,2024-10-15,Veľké Kozmálovce,VI.24,3844.55
2024,2024-10-15,Bádice,VI.24,18936.47
2024,2024-10-15,Krásnohorská Dlhá Lúka,VI.7,10173.21
2024,2024-10-15,Utekáč,VI.24,33671.65
2024,2024-10-15,Hradište pod Vrátnom,VI.24,20393.23
2024,2024-10-15,Čaradice,VI.24,3083.03
2024,2024-10-15,Čaradice,VI.24,7111.18
2024,2024-10-15,Čaradice,VI.24,4799.42
2024,2024-10-15,Bôrka,VI.7,52535.5
2024,2024-10-15,Sebedín-Bečov,VI.24,8150.73
2024,2024-10-15,Poluvsie,VI.7,110582.05
2024,2024-10-15,Poluvsie,VI.24,11212.62
2024,2024-10-15,Poluvsie,VI.24,7084.67
2024,2024-10-15,Pitelová,VI.24,15187.78
2024,2024-10-15,Gerlachov,VI.24,19406.9
2024,2024-10-15,Svrbice,VI.24,13861.45
2024,2024-10-15,Malé Chyndice,VI.7,41024.24
2024,2024-10-15,Marhaň,VI.24,20997.26
2024,2024-10-15,Seč,VI.7,111820.44
2024,2024-10-15,Trenčianska Turná,VI.24,18934.57
2024,2024-10-15,Žaškov,VI.24,12931.2
2024,2024-10-15,Veľký Šariš,VI.24,29999.0
2024,2024-10-15,Nižný Orlík,VI.24,12419.77
2024,2024-10-15,Vlčkovce,VI.24,16125.0
2024,2024-10-15,Lopušné Pažite,VI.7,43922.7
2024,2024-10-15,Kružlová,VI.24,10687.72
2024,2024-10-15,Hniezdne,VI.24,16192.79
2024,2024-10-15,Hniezdne,VI.24,2509.74
2024,2024-10-15,Hurbanovo,VI.24,33537.56
2024,2024-10-15,Hurbanovo,VI.24,16545.71
2024,2024-10-15,Kravany nad Dunajom,VI.7,22271.28
2024,2024-10-15,Zlatníky,VI.24,20038.98
2024,2024-10-15,Rudnianska Lehota,VI.7,106531.48
2024,2024-10-15,Turová,VI.24,226.43
2024,2024-10-15,Turová,VI.24,18985.65
2024,2024-10-15,Cigla,VI.24,10601.84
2024,2024-10-15,Fačkov,VI.24,29082.92
2024,2024-10-15,Kochanovce,VI.24,18123.35
2024,2024-10-15,Cernina,VI.24,10347.53
2024,2024-10-15,Pokryváč,VI.24,5519.24
2024,2024-10-15,Nižné Ladičkovce,VI.24,13740.38
2024,2024-10-15,Cakov,VI.7,31074.98
2024,2024-10-15,Lesné,VI.24,34936.84
2024,2024-10-15,Veľký Lipník,VI.24,9407.99
2024,2024-10-15,Veľký Lipník,VI.24,8792.45
2024,2024-10-15,Veľký Lipník,VI.24,549.56
2024,2024-10-15,Stará Lesná,VI.24,50456.27
2024,2024-10-15,Nemečky,VI.24,17539.57
2024,2024-10-15,Horný Badín,VI.24,6360.31
2024,2024-10-15,Horný Badín,VI.24,4039.57
2024,2024-10-15,Horný Badín,VI.24,5455.04
2024,2024-10-15,Malá Hradná,VI.24,9831.57
2024,2024-10-15,Mlynárovce,VI.24,10152.52
2024,2024-10-15,Pavlovce,VI.24,19240.35
2024,2024-10-15,Ďurďošík,VI.24,21215.42
2024,2024-10-15,Pečenice,VI.24,11723.12
2024,2024-10-15,Rakovo,VI.24,24353.85
2024,2024-10-15,Dolný Pial,VI.7,100312.06
2024,2024-10-15,Rokytovce,VI.24,14972.33
2024,2024-10-15,Chmeľov,VI.24,3672.0
2024,2024-10-15,Popudinské Močidľany,VI.24,11633.29
2024,2024-10-15,Popudinské Močidľany,VI.24,14.99
2024,2024-10-15,Popudinské Močidľany,VI.24,1070.14
2024,2024-10-15,Popudinské Močidľany,VI.24,5437.0
2024,2024-10-15,Popudinské Močidľany,VI.24,1789.75
2024,2024-10-15,Nitra nad Ipľom,VI.7,108260.77
2024,2024-10-15,Lužany pri Topli,VI.24,21000.0
2024,2024-10-15,Ďurďoš,VI.24,19726.2
2024,2024-10-15,Vlača,VI.24,15960.75
2024,2024-10-15,Šemetkovce,VI.24,10793.12
2024,2024-10-15,Štefurov,VI.24,21042.95
2024,2024-10-15,Oreské,VI.24,19948.79
2024,2024-10-15,Brestov,VI.24,13192.5
2024,2024-10-15,Petrovce,VI.24,19497.05
2024,2024-10-15,Domadice,VI.24,10240.88
2024,2024-10-15,Matiašovce,VI.24,18750.0
2024,2024-10-15,Matiašovce,VI.24,18750.0
2024,2024-10-15,Čajkov,VI.24,9000.0
2024,2024-10-15,Mníšek nad Popradom,VI.24,10175.81
2024,2024-10-15,Mníšek nad Popradom,VI.24,1276.95
2024,2024-10-15,Koňuš,VI.24,13500.0
2024,2024-10-15,Ľutina,VI.24,19757.71
2024,2024-10-15,Trebejov,VI.24,38512.5
2024,2024-10-15,Slovenská Nová Ves,VI.24,6000.0
2024,2024-10-15,Tovarné,VI.24,27818.7
2024,2024-10-15,Súľov - Hradná,VI.7,3513.75
2024,2024-10-15,Lopašov,VI.24,9816.16
2024,2024-10-15,Betlanovce,VI.24,14900.27
2024,2024-10-15,Veľký Folkmar,VI.24,19408.67
2024,2024-10-15,Veľký Folkmar,VI.24,19937.4
2024,2024-10-15,Ortuťová,VI.7,67191.65
2024,2024-10-15,Dúbravica,VI.24,30374.33
2024,2024-10-15,Bzovská Lehôtka,VI.24,7709.23
2024,2024-10-15,Mikulášová,VI.24,5634.99
2024,2024-10-15,Handlová,VI.24,1899.0
2024,2024-10-15,Handlová,VI.24,2052.0
2024,2024-10-15,Handlová,VI.24,14760.0
2024,2024-10-15,Lieskovec,VI.24,14469.27
2024,2024-10-15,Beňuš,VI.24,14535.0
2024,2024-10-15,Abrahámovce,VI.24,24172.31
2024,2024-10-15,Čierny Balog,VI.24,28408.23
2024,2024-10-15,Čierny Balog,VI.24,15862.18
2024,2024-10-15,Pohronská Polhora,VI.24,6908.91
2024,2024-10-15,Hrnčiarovce nad Parnou,VI.24,20812.49
2024,2024-10-15,Hrnčiarovce nad Parnou,VI.24,20812.49
2024,2024-10-15,Mníšek nad Hnilcom,VI.24,30998.88
2024,2024-10-15,Lokca,VI.24,5355.0
2024,2024-10-15,Lokca,VI.24,5856.08
2024,2024-10-15,Lokca,VI.24,7206.3
2024,2024-10-15,Lokca,VI.24,4153.95
2024,2024-10-15,Lokca,VI.24,1185.75
2024,2024-10-15,Zákamenné,VI.24,17820.0
2024,2024-10-15,Jurkova Voľa,VI.24,12152.78
2024,2024-10-15,Strekov,VI.24,7775.87
2024,2024-10-15,Strekov,VI.24,10822.92
2024,2024-10-15,Klin,VI.24,13145.0
2024,2024-10-15,Lozorno,VI.24,3087.49
2024,2024-10-15,Lozorno,VI.24,2485.96
2024,2024-10-15,Lozorno,VI.24,65.29
2024,2024-10-15,Lozorno,VI.24,242.95
2024,2024-10-15,Lozorno,VI.24,97.33
2024,2024-10-15,Lozorno,VI.24,2803.1
2024,2024-10-15,Lozorno,VI.24,7548.57
2024,2024-10-15,Lozorno,VI.24,1995.96
2024,2024-10-15,Lozorno,VI.24,218.66
2024,2024-10-15,Lozorno,VI.24,110.23
2024,2024-10-15,Lozorno,VI.24,482.75
2024,2024-10-15,Rabča,VI.24,8522.25
2024,2024-10-15,Brestov nad Laborcom,VI.24,8241.57
2024,2024-10-15,Výborná,VI.24,18750.0
2024,2024-10-15,Bodružal,VI.24,11104.8
2024,2024-10-15,Studienka,VI.24,19137.12
2024,2024-10-15,Vráble,VI.24,11227.01
2024,2024-10-15,Korejovce,VI.24,11450.39
2024,2024-10-15,Jacovce,VI.24,17547.08
2024,2024-10-15,Orlov,VI.24,15196.5
2024,2024-10-15,Mlynky,VI.24,4546.55
2024,2024-10-15,Sejkov,VI.24,8338.14
2024,2024-10-15,Sejkov,VI.24,1885.04
2024,2024-10-15,Vyšná Pisaná,VI.24,11309.53
2024,2024-10-15,Volica,VI.24,14805.37
2024,2024-10-15,Závadka,VI.24,9734.45
2024,2024-10-15,Vištuk,VI.24,4388.4
2024,2024-10-15,Vištuk,VI.24,63.6
2024,2024-10-15,Štrba,VI.24,14989.95
2024,2024-10-15,Pribeta,VI.24,12700.8
2024,2024-10-15,Pribeta,VI.24,11020.43
2024,2024-10-15,Svodín,VI.24,15573.93
2024,2024-10-15,Svodín,VI.24,245.6
2024,2024-10-15,Drietoma,VI.24,20141.4
2024,2024-10-15,Radošina,VI.24,13875.0
2024,2024-10-15,Vyšný Mirošov,VI.24,8563.5
2024,2024-10-15,Voderady,VI.24,14999.45
2024,2024-10-15,Križovany nad Dudváhom,VI.24,21092.21
2024,2024-10-15,Dlhá nad Oravou,VI.24,17155.7
2024,2024-10-15,Dlhá nad Oravou,VI.24,1609.01
2024,2024-10-15,Liptovská Teplička,VI.24,20457.83
2024,2024-10-15,Sokoľ,VI.24,11873.92
2024,2024-10-15,Uhrovec,VI.24,14607.46
2024,2024-10-15,Uhrovec,VI.24,9327.9
2024,2024-10-15,Uhrovec,VI.24,1511.45
2024,2024-10-15,Smolník,VI.24,23592.47
2024,2024-10-15,Ratvaj,VI.24,21936.74
2024,2024-10-15,Trstice,VI.24,31636.25
2024,2024-10-15,Majcichov,VI.24,6561.49
2024,2024-10-15,Majcichov,VI.24,11121.15
2024,2024-10-15,Lazany,VI.24,24236.25
2024,2024-10-15,Lazany,VI.24,14048.5
2024,2024-10-15,Modrý Kameň,VI.24,51976.71
2024,2024-10-15,Jaklovce,VI.24,37814.12
2024,2024-10-15,Kluknava,VI.24,29071.94
2024,2024-10-15,Dobrá Niva,VI.24,6741.23
2024,2024-10-15,Dobrá Niva,VI.24,20746.57
2024,2024-10-15,Závod,VI.24,32039.14
2024,2024-10-15,Slovinky,VI.24,34394.75
2024,2024-10-15,Šarišské Michaľany,VI.24,22492.29
2024,2024-10-15,Nesvady,VI.24,16109.52
2024,2024-10-15,Nesvady,VI.24,8677.55
2024,2024-10-15,Toporec,VI.24,34360.76
2024,2024-10-15,Krásno nad Kysucou,VI.24,12827.46
2024,2024-10-15,Špačince,VI.24,37500.0
2024,2024-10-15,Klokočov,VI.24,28799.85
2024,2024-10-15,Zákopčie,VI.24,20096.75
2024,2024-10-15,Zákopčie,VI.24,13500.0
2024,2024-10-15,Čiližská Radvaň,VI.24,13042.5
2024,2024-10-15,Lipové,VI.24,3906.0
2024,2024-10-15,Modra,VI.24,5662.99
2025,2025-10-15,Ladice,VI.24,28825.72
2025,2025-10-15,Keť,VI.7,145539.0
2025,2025-10-15,Tajná,VI.24,19180.18
2025,2025-10-15,Lom nad Rimavicou,VI.24,38643.31
2025,2025-10-15,Pružina,VI.24,36400.66
2025,2025-10-15,Včelince,VI.24,38975.37
2025,2025-10-15,Horný Tisovník,VI.24,55000.0
2025,2025-10-15,Becherov,VI.24,198693.44
2025,2025-10-15,Jelšava,VI.24,81978.6
2025,2025-10-15,Harichovce,VI.24,43581.6
2025,2025-10-15,Bara,VI.24,35038.52
2025,2025-10-15,Nový Ruskov,VI.24,84232.38
2025,2025-10-15,Nový Ruskov,VI.4,460000.0
2025,2025-10-15,Zemplín,VI.24,27200.17
2025,2025-10-15,Čerenčany,VI.24,45092.44
2025,2025-10-15,Čerenčany,VI.24,28093.52
2025,2025-10-15,Jablonové,VI.24,54035.16
2025,2025-10-15,Kuchyňa,VI.24,22290.0
2025,2025-10-15,Kuchyňa,VI.24,29185.22
2025,2025-10-15,Pernek,VI.24,14118.61
2025,2025-10-15,Blatná na Ostrove,VI.24,31269.29
2025,2025-10-15,Blatná na Ostrove,VI.24,10408.5
2025,2025-10-15,Boheľov,VI.24,24364.16
2025,2025-10-15,Holice,VI.24,95459.26
2025,2025-10-15,Horná Potôň,VI.24,68338.07
2025,2025-10-15,Horná Potôň,VI.24,15355.2
2025,2025-10-15,Jahodná,VI.24,63927.84
2025,2025-10-15,Lehnice,VI.24,93272.86
2025,2025-10-15,Lehnice,VI.24,19499.33
2025,2025-10-15,Mierovo,VI.24,13928.12
2025,2025-10-15,Mierovo,VI.24,7074.92
2025,2025-10-15,Michal na Ostrove,VI.24,33342.13
2025,2025-10-15,Michal na Ostrove,VI.24,11513.26
2025,2025-10-15,Oľdza,VI.24,20425.75
2025,2025-10-15,Oľdza,VI.24,5751.0
2025,2025-10-15,Padáň,VI.24,62233.24
2025,2025-10-15,Ňárad,VI.24,45347.54
2025,2025-10-15,Trnávka,VI.24,10530.47
2025,2025-10-15,Veľká Paka,VI.24,31896.91
2025,2025-10-15,Veľká Paka,VI.24,13382.2
2025,2025-10-15,Vojka nad Dunajom,VI.24,15917.05
2025,2025-10-15,Vojka nad Dunajom,VI.24,6940.44
2025,2025-10-15,Dolné Saliby,VI.24,34820.14
2025,2025-10-15,Horné Saliby,VI.24,32816.2
2025,2025-10-15,Košúty,VI.24,49994.96
2025,2025-10-15,Kráľov Brod,VI.24,17730.32
2025,2025-10-15,Tomášikovo,VI.24,22819.6
2025,2025-10-15,Tomášikovo,VI.24,42401.44
2025,2025-10-15,Váhovce,VI.24,49835.69
2025,2025-10-15,Veľká Mača,VI.24,7088.4
2025,2025-10-15,Veľký Grob,VI.24,20055.09
2025,2025-10-15,Vozokany,VI.24,18186.01
2025,2025-10-15,Bajč,VI.24,51220.87
2025,2025-10-15,Čalovec,VI.24,38729.93
2025,2025-10-15,Kameničná,VI.24,31055.0
2025,2025-10-15,Martovce,VI.24,40337.73
2025,2025-10-15,Veľké Kosihy,VI.24,95751.79
2025,2025-10-15,Vrbová nad Váhom,VI.7,227562.12
2025,2025-10-15,Vrbová nad Váhom,VI.7,230908.0
2025,2025-10-15,Dolná Seč,VI.24,29999.34
2025,2025-10-15,Dolné Semerovce,VI.24,19871.32
2025,2025-10-15,Horné Turovce,VI.24,42966.77
2025,2025-10-15,Hronské Kosihy,VI.7,490683.7
2025,2025-10-15,Iňa,VI.24,28789.44
2025,2025-10-15,Lok,VI.24,33233.85
2025,2025-10-15,Nýrovce,VI.4,1261784.24
2025,2025-10-15,Podlužany,VI.24,20815.2
2025,2025-10-15,Podlužany,VI.24,16945.2
2025,2025-10-15,Santovka,VI.24,17349.17
2025,2025-10-15,Santovka,VI.24,11144.87
2025,2025-10-15,Sazdice,VI.24,34270.36
2025,2025-10-15,Sazdice,VI.7,269417.3
2025,2025-10-15,Tupá,VI.24,30003.14
2025,2025-10-15,Vyškovce nad Ipľom,VI.24,42351.88
2025,2025-10-15,Alekšince,VI.24,34384.7
2025,2025-10-15,Čakajovce,VI.24,30890.11
2025,2025-10-15,Čakajovce,VI.24,16331.72
2025,2025-10-15,Čierne Kľačany,VI.24,20700.0
2025,2025-10-15,Čifáre,VI.24,23375.88
2025,2025-10-15,Čifáre,VI.24,13000.0
2025,2025-10-15,Dolné Obdokovce,VI.24,19987.27
2025,2025-10-15,Golianovo,VI.24,11000.0
2025,2025-10-15,Hruboňovo,VI.24,22356.37
2025,2025-10-15,Choča,VI.24,39499.64
2025,2025-10-15,Jelšovce,VI.24,34169.67
2025,2025-10-15,Klasov,VI.24,31388.56
2025,2025-10-15,Kostoľany pod Tribečom,VI.24,21931.08
2025,2025-10-15,Veľký Lapáš,VI.24,18854.58
2025,2025-10-15,Lukáčovce,VI.24,33900.0
2025,2025-10-15,Machulince,VI.24,43040.3
2025,2025-10-15,Machulince,VI.24,18448.9
2025,2025-10-15,Mankovce,VI.24,14982.31
2025,2025-10-15,Nemčiňany,VI.24,19596.4
2025,2025-10-15,Nevidzany,VI.24,9200.4
2025,2025-10-15,Čechynce,VI.24,31360.99
2025,2025-10-15,Nová Ves nad Žitavou,VI.24,19783.52
2025,2025-10-15,Paňa,VI.24,38032.72
2025,2025-10-15,Pohranice,VI.24,23258.69
2025,2025-10-15,Slepčany,VI.24,39192.4
2025,2025-10-15,Tesárske Mlyňany,VI.24,39500.0
2025,2025-10-15,Velčice,VI.24,42002.27
2025,2025-10-15,Velčice,VI.24,24465.94
2025,2025-10-15,Vieska nad Žitavou,VI.24,19966.7
2025,2025-10-15,Vinodol,VI.24,4100.0
2025,2025-10-15,Volkovce,VI.24,19479.49
2025,2025-10-15,Zbehy,VI.24,68973.9
2025,2025-10-15,Žikava,VI.24,7800.0
2025,2025-10-15,Žikava,VI.24,7666.01
2025,2025-10-15,Andovce,VI.24,56959.36
2025,2025-10-15,Andovce,VI.4,948318.36
2025,2025-10-15,Bešeňov,VI.24,30169.76
2025,2025-10-15,Bíňa,VI.24,27797.5
2025,2025-10-15,Branovo,VI.24,17972.2
2025,2025-10-15,Bruty,VI.24,16747.85
2025,2025-10-15,Komoča,VI.24,59216.04
2025,2025-10-15,Kmeťovo,VI.7,147294.87
2025,2025-10-15,Rúbaň,VI.24,21276.12
2025,2025-10-15,Šarkan,VI.24,15391.46
2025,2025-10-15,Brezová pod Bradlom,VI.24,22982.63
2025,2025-10-15,Bukovec,VI.24,24642.88
2025,2025-10-15,Častkov,VI.24,77662.5
2025,2025-10-15,Chropov,VI.24,26596.32
2025,2025-10-15,Chvojnica,VI.24,20682.05
2025,2025-10-15,Jablonica,VI.24,21000.0
2025,2025-10-15,Jablonka,VI.24,22262.42
2025,2025-10-15,Košariská,VI.24,23749.49
2025,2025-10-15,Mokrý Háj,VI.24,25134.43
2025,2025-10-15,Mokrý Háj,VI.24,49133.65
2025,2025-10-15,Moravský Svätý Ján,VI.24,76191.43
2025,2025-10-15,Petrova Ves,VI.24,75808.01
2025,2025-10-15,Plavecký Mikuláš,VI.24,44982.17
2025,2025-10-15,Poriadie,VI.24,18409.76
2025,2025-10-15,Priepasné,VI.24,20791.71
2025,2025-10-15,Prietržka,VI.24,53330.34
2025,2025-10-15,Radimov,VI.24,103651.9
2025,2025-10-15,Rudník,VI.24,54961.05
2025,2025-10-15,Smrdáky,VI.24,55938.71
2025,2025-10-15,Sološnica,VI.24,22894.8
2025,2025-10-15,Trnovec,VI.24,57112.0
2025,2025-10-15,Vrádište,VI.24,19944.8
2025,2025-10-15,Vrbovce,VI.24,24867.2
2025,2025-10-15,Horné Štitáre,VI.24,34400.0
2025,2025-10-15,Kolačno,VI.24,26194.5
2025,2025-10-15,Krásna Ves,VI.24,53510.02
2025,2025-10-15,Ludanice,VI.24,25029.92
2025,2025-10-15,Malé Kršteňany,VI.24,33680.74
2025,2025-10-15,Malé Ripňany,VI.24,33756.0
2025,2025-10-15,Miezgovce,VI.24,12680.44
2025,2025-10-15,Nitrianska Streda,VI.24,49991.29
2025,2025-10-15,Oponice,VI.24,49995.92
2025,2025-10-15,Ostratice,VI.24,26224.68
2025,2025-10-15,Preseľany,VI.24,31374.66
2025,2025-10-15,Prusy,VI.24,24532.76
2025,2025-10-15,Rajčany,VI.24,53905.32
2025,2025-10-15,Timoradza,VI.24,15200.0
2025,2025-10-15,Veľké Kršteňany,VI.24,20264.36
2025,2025-10-15,Veľký Klíž,VI.24,23779.5
2025,2025-10-15,Závada,VI.24,32800.0
2025,2025-10-15,Žitná - Radiša,VI.24,17702.47
2025,2025-10-15,Adamovské Kochanovce,VI.24,53679.65
2025,2025-10-15,Bzince pod Javorinou,VI.24,23998.65
2025,2025-10-15,Dolná Poruba,VI.24,18410.11
2025,2025-10-15,Dolná Súča,VI.24,36013.74
2025,2025-10-15,Horné Srnie,VI.24,60000.0
2025,2025-10-15,Horné Srnie,VI.4,336548.52
2025,2025-10-15,Horné Srnie,VI.4,305361.0
2025,2025-10-15,Hrabovka,VI.24,12036.76
2025,2025-10-15,Hrabovka,VI.24,11751.9
2025,2025-10-15,Hrachovište,VI.24,18271.7
2025,2025-10-15,Hrašné,VI.24,28499.04
2025,2025-10-15,Ivanovce,VI.24,15687.37
2025,2025-10-15,Kostolná - Záriečie,VI.24,24833.46
2025,2025-10-15,Kostolná - Záriečie,VI.24,35798.34
2025,2025-10-15,Kostolné,VI.24,20726.34
2025,2025-10-15,Lubina,VI.24,54942.07
2025,2025-10-15,Mníchova Lehota,VI.24,46729.99
2025,2025-10-15,Nemšová,VI.24,60901.27
2025,2025-10-15,Omšenie,VI.24,57737.9
2025,2025-10-15,Opatovce,VI.24,13012.39
2025,2025-10-15,Selec,VI.24,12720.0
2025,2025-10-15,Selec,VI.24,22912.24
2025,2025-10-15,Skalka nad Váhom,VI.24,22930.33
2025,2025-10-15,Stará Turá,VI.24,28660.04
2025,2025-10-15,Stará Turá,VI.24,43253.08
2025,2025-10-15,Trenčianske Teplice,VI.24,20000.0
2025,2025-10-15,Trenčianske Teplice,VI.24,44550.0
2025,2025-10-15,Vaďovce,VI.24,23107.74
2025,2025-10-15,Borovce,VI.24,33133.1
2025,2025-10-15,Buková,VI.24,95863.3
2025,2025-10-15,Dolné Dubové,VI.24,28266.26
2025,2025-10-15,Dolné Trhovište,VI.24,37683.43
2025,2025-10-15,Horné Zelenice,VI.24,16184.12
2025,2025-10-15,Malženice,VI.24,22346.4
2025,2025-10-15,Nižná,VI.24,50000.0
2025,2025-10-15,Žlkovce,VI.24,25878.0
2025,2025-10-15,Hiadeľ,VI.24,49038.34
2025,2025-10-15,Hiadeľ,VI.24,17492.0
2025,2025-10-15,Lučatín,VI.24,10000.0
2025,2025-10-15,Medzibrod,VI.24,16226.28
2025,2025-10-15,Medzibrod,VI.24,49937.94
2025,2025-10-15,Moštenica,VI.24,10499.88
2025,2025-10-15,Moštenica,VI.24,16111.47
2025,2025-10-15,Mýto pod Ďumbierom,VI.24,22367.1
2025,2025-10-15,Mýto pod Ďumbierom,VI.24,16255.24
2025,2025-10-15,Podkonice,VI.24,33491.26
2025,2025-10-15,Predajná,VI.24,27191.76
2025,2025-10-15,Strelníky,VI.24,45564.66
2025,2025-10-15,Špania Dolina,VI.24,49404.17
2025,2025-10-15,Dlhá nad Kysucou,VI.24,84999.71
2025,2025-10-15,Dunajov,VI.24,10628.62
2025,2025-10-15,Klubina,VI.24,55684.35
2025,2025-10-15,Klubina,VI.7,48000.0
2025,2025-10-15,Radôstka,VI.24,37500.0
2025,2025-10-15,Beňadovo,VI.24,20520.05
2025,2025-10-15,Beňadovo,VI.7,193717.81
2025,2025-10-15,Beňadovo,VI.24,18311.46
2025,2025-10-15,Horná Lehota,VI.7,749488.21
2025,2025-10-15,Lomná,VI.24,17800.0
2025,2025-10-15,Lomná,VI.7,260764.0
2025,2025-10-15,Medzibrodie nad Oravou,VI.4,715123.0
2025,2025-10-15,Medzibrodie nad Oravou,VI.7,215384.4
2025,2025-10-15,Medzibrodie nad Oravou,VI.24,24570.37
2025,2025-10-15,Oravský Biely Potok,VI.24,14066.98
2025,2025-10-15,Oravská Poruba,VI.24,34386.43
2025,2025-10-15,Párnica,VI.24,49976.66
2025,2025-10-15,Párnica,VI.24,49976.0
2025,2025-10-15,Sedliacka Dubová,VI.24,63668.68
2025,2025-10-15,Ťapešovo,VI.24,16514.79
2025,2025-10-15,Vasiľov,VI.24,31518.68
2025,2025-10-15,Vasiľov,VI.7,125548.07
2025,2025-10-15,Vavrečka,VI.24,23700.0
2025,2025-10-15,Veličná,VI.24,21981.26
2025,2025-10-15,Bešeňová,VI.24,26000.0
2025,2025-10-15,Dúbrava,VI.24,27056.0
2025,2025-10-15,Galovany,VI.24,8293.6
2025,2025-10-15,Gôtovany,VI.24,14980.5
2025,2025-10-15,Gôtovany,VI.7,25271.0
2025,2025-10-15,Kalameny,VI.24,22827.62
2025,2025-10-15,Kráľova Lehota,VI.24,44797.78
2025,2025-10-15,Lazisko,VI.24,10992.02
2025,2025-10-15,Liptovská Kokava,VI.24,33958.5
2025,2025-10-15,Liptovské Matiašovce,VI.7,187721.12
2025,2025-10-15,Liptovský Ján,VI.24,17778.42
2025,2025-10-15,Liptovský Ján,VI.24,37229.68
2025,2025-10-15,Liptovský Hrádok,VI.24,38002.39
2025,2025-10-15,Liptovský Michal,VI.24,16150.74
2025,2025-10-15,Liptovský Michal,VI.24,22999.54
2025,2025-10-15,Liptovský Ondrej,VI.24,27769.22
2025,2025-10-15,Malatíny,VI.24,17059.37
2025,2025-10-15,Malužiná,VI.24,16228.91
2025,2025-10-15,Nižná Boca,VI.24,49948.6
2025,2025-10-15,Podtureň,VI.24,36806.51
2025,2025-10-15,Stankovany,VI.24,30800.0
2025,2025-10-15,Stankovany,VI.24,23100.0
2025,2025-10-15,Uhorská Ves,VI.24,12336.9
2025,2025-10-15,Uhorská Ves,VI.24,39386.54
2025,2025-10-15,Vavrišovo,VI.24,5083.1
2025,2025-10-15,Vavrišovo,VI.7,70288.0
2025,2025-10-15,Vavrišovo,VI.24,40703.53
2025,2025-10-15,Východná,VI.24,73739.13
2025,2025-10-15,Závažná Poruba,VI.24,35000.0
2025,2025-10-15,Boľkovce,VI.24,86604.9
2025,2025-10-15,České Brezovo,VI.24,86764.35
2025,2025-10-15,České Brezovo,VI.24,52772.14
2025,2025-10-15,Kokava nad Rimavicou,VI.24,75000.0
2025,2025-10-15,Látky,VI.24,54995.5
2025,2025-10-15,Mašková,VI.7,154641.36
2025,2025-10-15,Mašková,VI.7,154888.0
2025,2025-10-15,Mučín,VI.24,99769.8
2025,2025-10-15,Podkriváň,VI.24,54995.5
2025,2025-10-15,Prša,VI.24,22565.52
2025,2025-10-15,Ratka,VI.24,173087.58
2025,2025-10-15,Ratka,VI.24,12000.0
2025,2025-10-15,Šiatorská Bukovinka,VI.24,39710.86
2025,2025-10-15,Uhorské,VI.24,58230.41
2025,2025-10-15,Uhorské,VI.24,15048.0
2025,2025-10-15,Veľké Dravce,VI.24,77789.47
2025,2025-10-15,Veľká Ves,VI.24,68040.14
2025,2025-10-15,Veľká Ves,VI.24,46632.1
2025,2025-10-15,Bystrička,VI.24,26250.0
2025,2025-10-15,Turčianske Jaseno,VI.24,130000.0
2025,2025-10-15,Necpaly,VI.24,63325.33
2025,2025-10-15,Necpaly,VI.24,25446.96
2025,2025-10-15,Trebostovo,VI.24,28356.04
2025,2025-10-15,Turčianska Štiavnička,VI.24,54200.66
2025,2025-10-15,Valča,VI.24,35000.0
2025,2025-10-15,Vrícko,VI.24,55000.0
2025,2025-10-15,Brvnište,VI.24,14219.88
2025,2025-10-15,Dohňany,VI.24,16138.01
2025,2025-10-15,Dolná Mariková,VI.24,6813.29
2025,2025-10-15,Dulov,VI.24,15473.92
2025,2025-10-15,Horná Poruba,VI.24,13305.23
2025,2025-10-15,Horovce,VI.24,31013.15
2025,2025-10-15,Ilava,VI.24,52000.0
2025,2025-10-15,Ilava,VI.24,64888.25
2025,2025-10-15,Jasenica,VI.24,11338.54
2025,2025-10-15,Jasenica,VI.4,482270.04
2025,2025-10-15,Jasenica,VI.4,470869.0
2025,2025-10-15,Lazy pod Makytou,VI.24,13708.0
2025,2025-10-15,Mikušovce,VI.24,26203.9
2025,2025-10-15,Plevník-Drienové,VI.24,36581.6
2025,2025-10-15,Prečín,VI.24,37284.23
2025,2025-10-15,Pruské,VI.24,46184.59
2025,2025-10-15,Púchov,VI.24,23393.3
2025,2025-10-15,Košecké Podhradie,VI.24,49901.47
2025,2025-10-15,Košecké Podhradie,VI.24,23041.52
2025,2025-10-15,Záriečie,VI.24,12675.59
2025,2025-10-15,Záskalie,VI.24,28103.17
2025,2025-10-15,Cigeľ,VI.24,29142.95
2025,2025-10-15,Malá Čausa,VI.24,99999.96
2025,2025-10-15,Malinová,VI.24,24989.4
2025,2025-10-15,Opatovce nad Nitrou,VI.24,49992.1
2025,2025-10-15,Opatovce nad Nitrou,VI.24,32312.97
2025,2025-10-15,Šútovce,VI.24,12417.49
2025,2025-10-15,Temeš,VI.24,89755.93
2025,2025-10-15,Temeš,VI.24,9398.64
2025,2025-10-15,Tužina,VI.24,42517.41
2025,2025-10-15,Hnúšťa,VI.24,114626.29
2025,2025-10-15,Hnúšťa,VI.24,94999.77
2025,2025-10-15,Hrachovo,VI.24,98507.17
2025,2025-10-15,Hrnčiarska Ves,VI.24,40000.0
2025,2025-10-15,Klenovec,VI.24,74414.95
2025,2025-10-15,Klenovec,VI.24,100000.0
2025,2025-10-15,Kružno,VI.24,29899.5
2025,2025-10-15,Lenartovce,VI.24,95946.36
2025,2025-10-15,Rimavské Brezovo,VI.24,49983.52
2025,2025-10-15,Širkovce,VI.24,100000.0
2025,2025-10-15,Štrkovec,VI.24,50000.0
2025,2025-10-15,Teplý Vrch,VI.24,58180.18
2025,2025-10-15,Veľké Teriakovce,VI.24,77541.33
2025,2025-10-15,Veľký Blh,VI.24,55598.06
2025,2025-10-15,Veľký Blh,VI.24,30019.94
2025,2025-10-15,Balog nad Ipľom,VI.24,33000.0
2025,2025-10-15,Čeláre,VI.24,44423.48
2025,2025-10-15,Dolinka,VI.24,30671.1
2025,2025-10-15,Ipeľské Predmostie,VI.24,37720.0
2025,2025-10-15,Kamenné Kosihy,VI.24,40999.2
2025,2025-10-15,Kamenné Kosihy,VI.7,139729.0
2025,2025-10-15,Kiarov,VI.24,20959.2
2025,2025-10-15,Kiarov,VI.24,23413.48
2025,2025-10-15,Kleňany,VI.24,37720.0
2025,2025-10-15,Kosihy nad Ipľom,VI.24,22000.0
2025,2025-10-15,Kováčovce,VI.24,23370.0
2025,2025-10-15,Olováry,VI.24,22748.6
2025,2025-10-15,Opatovská Nová Ves,VI.24,44223.31
2025,2025-10-15,Sklabiná,VI.7,473618.35
2025,2025-10-15,Slovenské Ďarmoty,VI.24,22989.34
2025,2025-10-15,Veľká Ves nad Ipľom,VI.24,37720.0
2025,2025-10-15,Veľké Zlievce,VI.24,44886.04
2025,2025-10-15,Záhorce,VI.24,21211.85
2025,2025-10-15,Cerovo,VI.24,41301.41
2025,2025-10-15,Čekovce,VI.24,44583.36
2025,2025-10-15,Detva,VI.24,35338.31
2025,2025-10-15,Detvianska Huta,VI.24,54758.0
2025,2025-10-15,Dúbravy,VI.24,54995.5
2025,2025-10-15,Dudince,VI.24,45511.46
2025,2025-10-15,Hontianske Nemce,VI.24,66120.35
2025,2025-10-15,Hriňová,VI.24,54995.5
2025,2025-10-15,Kováčová,VI.24,30000.0
2025,2025-10-15,Kriváň,VI.24,54995.5
2025,2025-10-15,Ladzany,VI.24,24004.26
2025,2025-10-15,Litava,VI.24,38146.74
2025,2025-10-15,Ostrá Lúka,VI.24,16173.28
2025,2025-10-15,Ostrá Lúka,VI.4,456296.71
2025,2025-10-15,Sebechleby,VI.24,91735.82
2025,2025-10-15,Sielnica,VI.24,6713.31
2025,2025-10-15,Tŕnie,VI.24,18460.03
2025,2025-10-15,Vígľaš,VI.24,38000.0
2025,2025-10-15,Vígľaš,VI.24,21099.64
2025,2025-10-15,Vígľašská Huta - Kalinka,VI.24,22695.44
2025,2025-10-15,Zvolenská Slatina,VI.24,15054.83
2025,2025-10-15,Baďan,VI.24,42137.17
2025,2025-10-15,Banská Štiavnica,VI.24,24177.6
2025,2025-10-15,Bzenica,VI.7,551040.0
2025,2025-10-15,Dekýš,VI.24,23399.67
2025,2025-10-15,Dolná Trnávka,VI.24,13830.72
2025,2025-10-15,Dolná Ždaňa,VI.24,15129.42
2025,2025-10-15,Dolná Ždaňa,VI.24,21870.58
2025,2025-10-15,Ilija,VI.24,27523.0
2025,2025-10-15,Jastrabá,VI.24,70086.0
2025,2025-10-15,Kosorín,VI.24,36999.49
2025,2025-10-15,Lehôtka pod Brehmi,VI.24,24918.0
2025,2025-10-15,Nevoľné,VI.24,36400.0
2025,2025-10-15,Počúvadlo,VI.24,22150.63
2025,2025-10-15,Podhorie,VI.24,91626.82
2025,2025-10-15,Prenčov,VI.7,365120.77
2025,2025-10-15,Prenčov,VI.7,366000.0
2025,2025-10-15,Prochot,VI.24,15987.18
2025,2025-10-15,Repište,VI.24,36942.48
2025,2025-10-15,Slaská,VI.24,37680.46
2025,2025-10-15,Stará Kremnička,VI.24,40003.36
2025,2025-10-15,Tekovské Nemce,VI.24,19500.0
2025,2025-10-15,Trnavá Hora,VI.24,34395.21
2025,2025-10-15,Vysoká,VI.24,48746.35
2025,2025-10-15,Vysoká,VI.24,14160.0
2025,2025-10-15,Dolná Tižina,VI.24,20096.08
2025,2025-10-15,Gbeľany,VI.24,28756.2
2025,2025-10-15,Krasňany,VI.24,55227.0
2025,2025-10-15,Lietavská Svinná - Babkov,VI.24,68042.54
2025,2025-10-15,Lutiše,VI.24,46537.11
2025,2025-10-15,Lysica,VI.24,19215.11
2025,2025-10-15,Mojš,VI.24,46990.7
2025,2025-10-15,Nededza,VI.24,58517.63
2025,2025-10-15,Stráňavy,VI.24,49999.02
2025,2025-10-15,Stráža,VI.24,49996.62
2025,2025-10-15,Strečno,VI.24,30419.9
2025,2025-10-15,Terchová,VI.24,28170.41
2025,2025-10-15,Varín,VI.24,34092.0
2025,2025-10-15,Bartošovce,VI.24,21706.64
2025,2025-10-15,Bartošovce,VI.7,71920.14
2025,2025-10-15,Hankovce,VI.24,22838.89
2025,2025-10-15,Hankovce,VI.4,474047.5
2025,2025-10-15,Hankovce,VI.4,500000.0
2025,2025-10-15,Hervartov,VI.24,17080.0
2025,2025-10-15,Kuková,VI.24,28000.0
2025,2025-10-15,Lukavica,VI.24,21876.95
2025,2025-10-15,Lukov,VI.7,200454.4
2025,2025-10-15,Mičakovce,VI.24,28459.53
2025,2025-10-15,Mokroluh,VI.24,98213.87
2025,2025-10-15,Petrová,VI.24,49497.12
2025,2025-10-15,Sveržov,VI.4,462000.0
2025,2025-10-15,Sveržov,VI.24,98571.69
2025,2025-10-15,Šiba,VI.24,22993.16
2025,2025-10-15,Tarnov,VI.7,114300.74
2025,2025-10-15,Zlaté,VI.24,99902.89
2025,2025-10-15,Černina,VI.24,14478.17
2025,2025-10-15,Habura,VI.7,157123.46
2025,2025-10-15,Habura,VI.7,157150.0
2025,2025-10-15,Hrubov,VI.24,17493.72
2025,2025-10-15,Hudcovce,VI.24,39890.55
2025,2025-10-15,Krásny Brod,VI.7,236739.0
2025,2025-10-15,Lieskovec,VI.24,20053.13
2025,2025-10-15,Lieskovec,VI.24,17576.6
2025,2025-10-15,Ľubiša,VI.24,21386.7
2025,2025-10-15,Rovné,VI.24,55925.28
2025,2025-10-15,Víťazovce,VI.24,31673.06
2025,2025-10-15,Gyňov,VI.24,61003.13
2025,2025-10-15,Haniska,VI.24,22127.02
2025,2025-10-15,Janík,VI.24,31167.06
2025,2025-10-15,Jasov,VI.24,49238.99
2025,2025-10-15,Kalša,VI.24,22031.59
2025,2025-10-15,Kokšov-Bakša,VI.24,49104.0
2025,2025-10-15,Kokšov-Bakša,VI.24,22243.06
2025,2025-10-15,Košická Polianka,VI.24,20194.44
2025,2025-10-15,Košické Oľšany,VI.24,28302.15
2025,2025-10-15,Malá Ida,VI.24,43710.43
2025,2025-10-15,Medzev,VI.24,76836.42
2025,2025-10-15,Nižná Kamenica,VI.24,28468.03
2025,2025-10-15,Nižná Myšľa,VI.24,74732.52
2025,2025-10-15,Nižný Lánec,VI.24,32077.33
2025,2025-10-15,Olšovany,VI.24,67063.03
2025,2025-10-15,Olšovany,VI.24,28843.93
2025,2025-10-15,Rešica,VI.24,33521.06
2025,2025-10-15,Rudník,VI.24,40844.86
2025,2025-10-15,Rudník,VI.24,25977.11
2025,2025-10-15,Skároš,VI.24,48128.08
2025,2025-10-15,Svinica,VI.24,23754.83
2025,2025-10-15,Šemša,VI.24,95488.92
2025,2025-10-15,Štós,VI.24,51312.36
2025,2025-10-15,Vyšná Myšľa,VI.7,499279.38
2025,2025-10-15,Vyšná Myšľa,VI.24,17312.45
2025,2025-10-15,Vyšný Čaj,VI.24,22012.5
2025,2025-10-15,Zlatá Idka,VI.24,28390.0
2025,2025-10-15,Baškovce,VI.24,49981.33
2025,2025-10-15,Hlivištia,VI.24,26550.41
2025,2025-10-15,Inovce,VI.24,14949.31
2025,2025-10-15,Krásnovce,VI.24,22019.36
2025,2025-10-15,Pinkovce,VI.24,23933.3
2025,2025-10-15,Pinkovce,VI.24,23932.0
2025,2025-10-15,Priekopa,VI.24,15000.0
2025,2025-10-15,Ruská Bystrá,VI.24,48931.35
2025,2025-10-15,Ruská Bystrá,VI.24,67948.58
2025,2025-10-15,Ruský Hrabovec,VI.24,49998.0
2025,2025-10-15,Senné,VI.24,62389.2
2025,2025-10-15,Suché,VI.24,26055.36
2025,2025-10-15,Vyšné Nemecké,VI.24,17976.0
2025,2025-10-15,Vyšné Remety,VI.24,53921.66
2025,2025-10-15,Červený Kláštor,VI.24,56557.44
2025,2025-10-15,Červený Kláštor,VI.24,49702.5
2025,2025-10-15,Ihľany,VI.8,79196.59
2025,2025-10-15,Osturňa,VI.24,49876.97
2025,2025-10-15,Osturňa,VI.24,24532.26
2025,2025-10-15,Reľov,VI.7,166202.6
2025,2025-10-15,Tvarožná,VI.24,50025.07
2025,2025-10-15,Vlkovce,VI.24,115733.28
2025,2025-10-15,Žakovce,VI.7,128386.51
2025,2025-10-15,Červená Voda,VI.24,36000.0
2025,2025-10-15,Červená Voda,VI.24,27725.93
2025,2025-10-15,Demjata,VI.24,36716.0
2025,2025-10-15,Drienica,VI.24,63029.04
2025,2025-10-15,Drienica,VI.7,349955.01
2025,2025-10-15,Drienica,VI.7,350000.0
2025,2025-10-15,Fričovce,VI.24,36875.95
2025,2025-10-15,Gregorovce,VI.24,36255.85
2025,2025-10-15,Chmeľovec,VI.24,27804.54
2025,2025-10-15,Kapušany,VI.24,27500.8
2025,2025-10-15,Lipovce,VI.24,17573.12
2025,2025-10-15,Nemcovce,VI.24,28175.0
2025,2025-10-15,Okružná,VI.24,18270.0
2025,2025-10-15,Okružná,VI.4,767000.0
2025,2025-10-15,Okružná,VI.7,203412.72
2025,2025-10-15,Okružná,VI.24,29970.12
2025,2025-10-15,Okružná,VI.4,733000.0
2025,2025-10-15,Okružná,VI.7,194500.0
2025,2025-10-15,Podhradík,VI.7,500000.0
2025,2025-10-15,Pušovce,VI.24,31216.73
2025,2025-10-15,Ražňany,VI.24,35461.37
2025,2025-10-15,Renčišov,VI.24,100000.0
2025,2025-10-15,Ruská Nová Ves,VI.24,63302.12
2025,2025-10-15,Šindliar,VI.24,45582.47
2025,2025-10-15,Teriakovce,VI.24,25791.37
2025,2025-10-15,Trnkov,VI.7,361182.8
2025,2025-10-15,Trnkov,VI.24,48241.7
2025,2025-10-15,Trnkov,VI.7,372329.0
2025,2025-10-15,Uzovce,VI.24,27925.2
2025,2025-10-15,Uzovský Šalgov,VI.24,59960.38
2025,2025-10-15,Vyšná Šebastová,VI.24,42779.09
2025,2025-10-15,Muránska Dlhá Lúka,VI.24,46800.0
2025,2025-10-15,Muránska Dlhá Lúka,VI.24,100000.0
2025,2025-10-15,Revúcka Lehota,VI.24,7699.0
2025,2025-10-15,Rudná,VI.7,481618.76
2025,2025-10-15,Bijacovce,VI.24,31809.11
2025,2025-10-15,Dlhé Stráže,VI.7,449130.4
2025,2025-10-15,Dravce,VI.24,57949.6
2025,2025-10-15,Dúbrava,VI.24,99963.09
2025,2025-10-15,Granč - Petrovce,VI.24,99964.79
2025,2025-10-15,Hrišovce,VI.24,37219.02
2025,2025-10-15,Klčov,VI.24,43666.58
2025,2025-10-15,Kojšov,VI.24,87954.88
2025,2025-10-15,Kolinovce,VI.24,61028.4
2025,2025-10-15,Odorín,VI.24,99692.12
2025,2025-10-15,Odorín,VI.7,334819.27
2025,2025-10-15,Odorín,VI.7,321500.0
2025,2025-10-15,Ordzovany,VI.7,212975.09
2025,2025-10-15,Ordzovany,VI.7,250000.0
2025,2025-10-15,Smolnícka Huta,VI.24,39248.07
2025,2025-10-15,Spišský Štvrtok,VI.24,49696.98
2025,2025-10-15,Torysky,VI.24,28679.67
2025,2025-10-15,Uloža,VI.24,97821.55
2025,2025-10-15,Hraničné,VI.24,28364.87
2025,2025-10-15,Hromoš,VI.24,9916.52
2025,2025-10-15,Kyjov,VI.24,7448.96
2025,2025-10-15,Kyjov,VI.7,499989.92
2025,2025-10-15,Lacková,VI.24,47245.97
2025,2025-10-15,Lesnica,VI.24,48958.38
2025,2025-10-15,Ruská Voľa nad Popradom,VI.24,15841.15
2025,2025-10-15,Šambron,VI.24,9699.13
2025,2025-10-15,Vislanka,VI.24,9919.97
2025,2025-10-15,Dubová,VI.24,43023.61
2025,2025-10-15,Hrabovčík,VI.24,15228.37
2025,2025-10-15,Kapišová,VI.24,35995.76
2025,2025-10-15,Kurimka,VI.24,49997.85
2025,2025-10-15,Mestisko,VI.24,10231.56
2025,2025-10-15,Nižná Jedľová,VI.24,14293.92
2025,2025-10-15,Rovné,VI.24,41947.66
2025,2025-10-15,Rovné,VI.24,17244.48
2025,2025-10-15,Roztoky,VI.24,42188.79
2025,2025-10-15,Roztoky,VI.24,49514.79
2025,2025-10-15,Stročín,VI.7,73035.83
2025,2025-10-15,Svidnička,VI.24,29973.14
2025,2025-10-15,Bačkov,VI.24,54885.84
2025,2025-10-15,Borša,VI.24,26947.3
2025,2025-10-15,Čerhov,VI.24,27023.1
2025,2025-10-15,Dargov,VI.24,70735.34
2025,2025-10-15,Kašov,VI.24,26995.48
2025,2025-10-15,Kožuchov,VI.24,27670.68
2025,2025-10-15,Kravany,VI.24,32190.03
2025,2025-10-15,Ladmovce,VI.24,68584.76
2025,2025-10-15,Lastovce,VI.24,40010.18
2025,2025-10-15,Sirník,VI.24,41916.22
2025,2025-10-15,Sirník,VI.24,27371.21
2025,2025-10-15,Viničky,VI.24,26964.1
2025,2025-10-15,Zemplínske Hradište,VI.24,19630.39
2025,2025-10-15,Zemplínske Jastrabie,VI.24,27198.0
2025,2025-10-15,Zemplínsky Branč,VI.24,29379.01
2025,2025-10-15,Zemplínsky Branč,VI.24,26922.26
2025,2025-10-15,Ďapalovce,VI.24,25973.08
2025,2025-10-15,Kvakovce,VI.24,50000.0
2025,2025-10-15,Nižná Sitnica,VI.24,28219.31
2025,2025-10-15,Nová Kelča,VI.24,25128.06
2025,2025-10-15,Pakostov,VI.24,17580.0
2025,2025-10-15,Ruská Poruba,VI.24,28020.36
2025,2025-10-15,Vyšný Kazimír,VI.24,33365.44
2025,2025-10-15,Vyšná Sitnica,VI.24,17334.73
2025,2025-10-15,Malé Vozokany,VI.24,19500.0
2025,2025-10-15,Bielovce,VI.24,26578.84
2025,2025-10-15,Devičany,VI.24,22184.39
2025,2025-10-15,Pastovce,VI.24,21788.0
2025,2025-10-15,Starý Hrádok,VI.24,17626.64
2025,2025-10-15,Bory,VI.7,499986.0
2025,2025-10-15,Ivachnová,VI.24,15000.0
2025,2025-10-15,Rumince,VI.24,139350.12
2025,2025-10-15,Stupné,VI.24,17638.75
2025,2025-10-15,Kružná,VI.24,52953.41
2025,2025-10-15,Malý Cetín,VI.7,197323.48
2025,2025-10-15,Malý Cetín,VI.24,21405.62
2025,2025-10-15,Svätoplukovo,VI.24,25471.54
2025,2025-10-15,Veľké Vozokany,VI.24,19560.0
2025,2025-10-15,Dolná Streda,VI.24,25858.66
2025,2025-10-15,Chyžné,VI.24,36900.0
2025,2025-10-15,Liptovský Peter,VI.24,58814.46
2025,2025-10-15,Horný Lieskov,VI.24,27648.61
2025,2025-10-15,Podskalie,VI.24,14938.08
2025,2025-10-15,Ležiachov,VI.24,29993.95
2025,2025-10-15,Koláre,VI.24,23225.64
2025,2025-10-15,Malá Čalomija,VI.24,36920.0
2025,2025-10-15,Chrastince,VI.24,40795.62
2025,2025-10-15,Lesenice,VI.24,43510.38
2025,2025-10-15,Seľany,VI.24,34663.39
2025,2025-10-15,Trebušovce,VI.24,29920.0
2025,2025-10-15,Selce,VI.24,20000.0
2025,2025-10-15,Kozelník,VI.24,67060.9
2025,2025-10-15,Trpín,VI.24,19187.87
2025,2025-10-15,Nezbudská Lúčka,VI.24,27789.91
2025,2025-10-15,Teplička nad Váhom,VI.24,26522.26
2025,2025-10-15,Pleš,VI.24,42000.0
2025,2025-10-15,Podzámčok,VI.24,29999.99
2025,2025-10-15,Dolný Badín,VI.24,30122.06
2025,2025-10-15,Lipník,VI.24,50000.0
2025,2025-10-15,Uňatín,VI.24,24410.35
2025,2025-10-15,Vyšný Kubín,VI.24,25697.0
2025,2025-10-15,Súdovce,VI.24,7861.78
2025,2025-10-15,Horné Mladonice,VI.24,28466.01
2025,2025-10-15,Drážovce,VI.24,27670.82
2025,2025-10-15,Bátorová,VI.24,13104.25
2025,2025-10-15,Bátorová,VI.24,22132.91
2025,2025-10-15,Devičie,VI.24,36471.0
2025,2025-10-15,Lenka,VI.24,136108.83
2025,2025-10-15,Riečka,VI.24,29732.4
2025,2025-10-15,Žiar,VI.24,89701.48
2025,2025-10-15,Drienčany,VI.24,62680.58
2025,2025-10-15,Zacharovce,VI.24,19993.61
2025,2025-10-15,Neporadza,VI.24,99583.28
2025,2025-10-15,Glabušovce,VI.24,21499.17
2025,2025-10-15,Glabušovce,VI.24,26853.0
2025,2025-10-15,Podkylava,VI.24,14244.89
2025,2025-10-15,Červený Hrádok,VI.24,19983.77
2025,2025-10-15,Malé Zálužie,VI.24,34400.0
2025,2025-10-15,Blažice,VI.24,22094.51
2025,2025-10-15,Nižná Hutka,VI.24,22277.32
2025,2025-10-15,Nižný Čaj,VI.24,49704.0
2025,2025-10-15,Bodovce,VI.24,34578.0
2025,2025-10-15,Mošurov,VI.24,19010.32
2025,2025-10-15,Šarišská Trstená,VI.24,21789.11
2025,2025-10-15,Šarišská Trstená,VI.7,321159.0
2025,2025-10-15,Čelovce,VI.24,27926.0
2025,2025-10-15,Proč,VI.24,38553.92
2025,2025-10-15,Janov,VI.7,729182.44
2025,2025-10-15,Slanská Huta,VI.24,21906.6
2025,2025-10-15,Dvorníky-Včeláre,VI.24,33164.94
2025,2025-10-15,Sverepec,VI.24,10315.07
2025,2025-10-15,Slavnica,VI.24,30788.03
2025,2025-10-15,Kameničany,VI.24,26013.19
2025,2025-10-15,Sedmerovec,VI.24,16363.76
2025,2025-10-15,Dolné Kočkovce,VI.24,33559.14
2025,2025-10-15,Nimnica,VI.24,29916.6
2025,2025-10-15,Horná Breznica,VI.24,26881.31
2025,2025-10-15,Slopná,VI.24,28310.4
2025,2025-10-15,Vydrná,VI.24,27154.44
2025,2025-10-15,Kvašov,VI.24,29639.36
2025,2025-10-15,Čelkova Lehota,VI.24,26700.0
2025,2025-10-15,Klieština,VI.24,10176.08
2025,2025-10-15,Klieština,VI.24,16282.71
2025,2025-10-15,Ďurďové,VI.24,26055.48
2025,2025-10-15,Krivoklát,VI.24,10012.2
2025,2025-10-15,Vršatské Podhradie,VI.24,13918.7
2025,2025-10-15,Bodiná,VI.24,11837.3
2025,2025-10-15,Bodiná,VI.24,16312.0
2025,2025-10-15,Belince,VI.24,10652.11
2025,2025-10-15,Čeľadince,VI.24,24969.67
2025,2025-10-15,Hrušovany,VI.24,15000.0
2025,2025-10-15,Chrabrany,VI.24,33037.33
2025,2025-10-15,Ješkova Ves,VI.24,12246.62
2025,2025-10-15,Krásno,VI.24,23356.61
2025,2025-10-15,Bajka,VI.24,19573.92
2025,2025-10-15,Jabloňovce,VI.24,29999.99
2025,2025-10-15,Kapince,VI.24,33000.0
2025,2025-10-15,Veľké Straciny,VI.7,750000.0
2025,2025-10-15,Korytárky,VI.24,54995.5
2025,2025-10-15,Krahule,VI.24,20610.0
2025,2025-10-15,Horná Ves,VI.24,36566.37
2025,2025-10-15,Vyšný Medzev,VI.24,71171.87
2025,2025-10-15,Ľubica,VI.24,105197.2
2025,2025-10-15,Holiare,VI.24,44865.5
2025,2025-10-15,Ľudovítová,VI.24,39926.58
2025,2025-10-15,Veľká Lúka,VI.24,9000.0
2025,2025-10-15,Potônske Lúky,VI.24,9031.51
2025,2025-10-15,Bádice,VI.24,15024.08
2025,2025-10-15,Blahová,VI.24,11951.75
2025,2025-10-15,Gáň,VI.24,11638.53
2025,2025-10-15,Rohožník,VI.24,54463.33
2025,2025-10-15,Rohožník,VI.24,39961.1
2025,2025-10-15,Horné Obdokovce,VI.24,50000.0
2025,2025-10-15,Bacúch,VI.24,16483.38
2025,2025-10-15,Bacúch,VI.24,15186.35
2025,2025-10-15,Hybe,VI.24,24959.87
2025,2025-10-15,Hybe,VI.24,42527.72
2025,2025-10-15,Dolný Lieskov,VI.24,35796.0
2025,2025-10-15,Čavoj,VI.24,61133.62
2025,2025-10-15,Blhovce,VI.24,36999.92
2025,2025-10-15,Ožďany,VI.24,65000.0
2025,2025-10-15,Hontianske Moravce,VI.24,21761.54
2025,2025-10-15,Banský Studenec,VI.24,32490.31
2025,2025-10-15,Veľopolie,VI.24,49121.0
2025,2025-10-15,Beňatina,VI.24,14972.66
2025,2025-10-15,Meliata,VI.24,135068.03
2025,2025-10-15,Muránska Huta,VI.24,80000.0
2025,2025-10-15,Brutovce,VI.24,38262.94
2025,2025-10-15,Malý Lipník,VI.24,70374.63
2025,2025-10-15,Starina,VI.24,21811.92
2025,2025-10-15,Domaníky,VI.24,14090.71
2025,2025-10-15,Domaníky,VI.24,35848.22
2025,2025-10-15,Žibritov,VI.24,90995.95
2025,2025-10-15,Stará Bašta,VI.24,100000.0
2025,2025-10-15,Zamarovce,VI.24,32716.0
2025,2025-10-15,Lipníky,VI.24,26776.15
2025,2025-10-15,Utekáč,VI.24,99936.66
2025,2025-10-15,Počarová,VI.24,10404.77
2025,2025-10-15,Počarová,VI.24,15512.64
2025,2025-10-15,Korytné,VI.24,37320.2
2025,2025-10-15,Sušany,VI.24,14838.71
2025,2025-10-15,Sušany,VI.24,8673.56
2025,2025-10-15,Hradište pod Vrátnom,VI.24,20476.55
2025,2025-10-15,Lednica,VI.24,31655.0
2025,2025-10-15,Zubák,VI.24,31138.48
2025,2025-10-15,Lehota nad Rimavicou,VI.24,9908.91
2025,2025-10-15,Vyšná Hutka,VI.24,49999.89
2025,2025-10-15,Telince,VI.24,19513.96
2025,2025-10-15,Vrchteplá,VI.24,26858.82
2025,2025-10-15,Sebedín-Bečov,VI.24,13864.98
2025,2025-10-15,Rumanová,VI.24,28399.31
2025,2025-10-15,Pozdišovce,VI.24,47500.0
2025,2025-10-15,Dvorec,VI.24,35980.31
2025,2025-10-15,Bajany,VI.4,229902.27
2025,2025-10-15,Rokytov,VI.7,213438.76
2025,2025-10-15,Rokytov,VI.24,55053.22
2025,2025-10-15,Švošov,VI.24,37479.89
2025,2025-10-15,Tovarníky,VI.24,19600.0
2025,2025-10-15,Richvald,VI.24,26996.69
2025,2025-10-15,Malý Lapáš,VI.24,31757.84
2025,2025-10-15,Žirany,VI.24,14984.86
2025,2025-10-15,Stránska,VI.24,99654.71
2025,2025-10-15,Hosťová,VI.7,706017.15
2025,2025-10-15,Hosťová,VI.24,38122.44
2025,2025-10-15,Havranec,VI.24,94059.77
2025,2025-10-15,Kráľ,VI.24,31188.2
2025,2025-10-15,Kráľ,VI.24,31187.0
2025,2025-10-15,Martin nad Žitavou,VI.24,15030.55
2025,2025-10-15,Martin nad Žitavou,VI.7,189904.7
2025,2025-10-15,Jalovec,VI.24,49998.68
2025,2025-10-15,Pataš,VI.24,49996.48
2025,2025-10-15,Pataš,VI.24,17390.0
2025,2025-10-15,Hosťovce,VI.24,30000.0
2025,2025-10-15,Sap,VI.24,50000.0
2025,2025-10-15,Malé Kozmálovce,VI.24,16990.88
2025,2025-10-15,Veľké Ozorovce,VI.24,67515.0
2025,2025-10-15,Strážne,VI.24,88601.81
2025,2025-10-15,Fulianka,VI.24,26709.8
2025,2025-10-15,Velušovce,VI.24,30682.9
2025,2025-10-15,Velušovce,VI.24,23498.12
2025,2025-10-15,Šimonovce,VI.24,37000.0
2025,2025-10-15,Dulova Ves,VI.24,24962.49
2025,2025-10-15,Dolný Chotár,VI.24,13131.6
2025,2025-10-15,Vyšná Kamenica,VI.24,23517.9
2025,2025-10-15,GEMERSKÉ DECHTÁRE,VI.24,100304.85
2025,2025-10-15,Malé Chyndice,VI.24,21603.0
2025,2025-10-15,Dlhá nad Váhom,VI.24,17055.25
2025,2025-10-15,Kalonda,VI.24,57630.52
2025,2025-10-15,Žitavce,VI.24,9552.28
2025,2025-10-15,Žitavce,VI.24,21848.35
2025,2025-10-15,Lontov,VI.24,53995.16
2025,2025-10-15,Lontov,VI.4,1283226.64
2025,2025-10-15,Litmanová,VI.24,13545.44
2025,2025-10-15,Bobrovník,VI.7,750000.0
2025,2025-10-15,Turzovka,VI.4,786037.15
2025,2025-10-15,Mojzesovo,VI.24,57568.01
2025,2025-10-15,Martinček,VI.24,22800.0
2025,2025-10-15,Trenčianska Turná,VI.24,12720.0
2025,2025-10-15,Trenčianska Turná,VI.4,875357.79
2025,2025-10-15,Trenčianska Turná,VI.24,25400.0
2025,2025-10-15,Krivá,VI.4,476029.67
2025,2025-10-15,Krivá,VI.24,60089.58
2025,2025-10-15,Krivá,VI.7,138858.64
2025,2025-10-15,Trenčianske Jastrabie,VI.4,969621.41
2025,2025-10-15,Snežnica,VI.4,1104438.01
2025,2025-10-15,Jesenské,VI.24,80022.61
2025,2025-10-15,Tornaľa,VI.24,42191.94
2025,2025-10-15,Tornaľa,VI.24,116896.15
2025,2025-10-15,Pavčina Lehota,VI.24,21144.0
2025,2025-10-15,Janova Lehota,VI.24,37000.0
2025,2025-10-15,Liptovská Štiavnica,VI.24,30300.0
2025,2025-10-15,Kanianka,VI.24,27272.93
2025,2025-10-15,Vlčkovce,VI.24,12098.2
2025,2025-10-15,Chrámec,VI.4,526886.28
2025,2025-10-15,Chrámec,VI.4,299545.79
2025,2025-10-15,Kružlová,VI.24,131945.82
2025,2025-10-15,Hniezdne,VI.24,28614.06
2025,2025-10-15,Hurbanovo,VI.24,87960.59
2025,2025-10-15,Jur nad Hronom,VI.24,29234.03
2025,2025-10-15,Hrkovce,VI.24,38000.0
2025,2025-10-15,Lužany,VI.24,34349.13
2025,2025-10-15,Hokovce,VI.24,21580.99
2025,2025-10-15,Hokovce,VI.24,20000.0
2025,2025-10-15,Drženice,VI.24,29000.0
2025,2025-10-15,Neverice,VI.24,19932.91
2025,2025-10-15,Hunkovce,VI.24,14852.06
2025,2025-10-15,Turcovce,VI.24,20788.25
2025,2025-10-15,Komárovce,VI.24,33072.24
2025,2025-10-15,Brezolupy,VI.24,40078.02
2025,2025-10-15,Šarišské Čierne,VI.24,15553.51
2025,2025-10-15,Čeľadice,VI.24,39900.17
2025,2025-10-15,Štitáre,VI.24,24593.37
2025,2025-10-15,Krtovce,VI.24,16399.85
2025,2025-10-15,Tesáre,VI.24,30384.0
2025,2025-10-15,Tepličky,VI.24,18168.48
2025,2025-10-15,Šípkov,VI.24,11314.74
2025,2025-10-15,Šípkov,VI.24,6840.0
2025,2025-10-15,Čierna Lehota,VI.24,15583.52
2025,2025-10-15,Varadka,VI.24,18187.78
2025,2025-10-15,Cigla,VI.24,42198.54
2025,2025-10-15,Horné Otrokovce,VI.24,9717.31
2025,2025-10-15,Lovča,VI.24,32877.27
2025,2025-10-15,Lovča,VI.24,22308.0
2025,2025-10-15,Cernina,VI.24,99970.15
2025,2025-10-15,Podhoroď,VI.24,14850.09
2025,2025-10-15,Nižné Ladičkovce,VI.24,29337.29
2025,2025-10-15,Nižné Ladičkovce,VI.24,29337.3
2025,2025-10-15,Dolné Zelenice,VI.24,38513.17
2025,2025-10-15,Košarovce,VI.24,17562.91
2025,2025-10-15,Koškovce,VI.24,51986.26
2025,2025-10-15,Koškovce,VI.24,17153.58
2025,2025-10-15,Veľká Dolina,VI.7,499394.96
2025,2025-10-15,Belža,VI.24,48870.13
2025,2025-10-15,Belža,VI.24,14065.12
2025,2025-10-15,Skýcov,VI.7,292551.1
2025,2025-10-15,Skýcov,VI.24,27130.0
2025,2025-10-15,Turčianky,VI.24,19777.84
2025,2025-10-15,Zubné,VI.24,38688.2
2025,2025-10-15,Lovce,VI.24,20665.15
2025,2025-10-15,Brodzany,VI.24,36639.28
2025,2025-10-15,Podhorie,VI.24,66820.09
2025,2025-10-15,Kostolec,VI.24,26737.4
2025,2025-10-15,Hrnčiarske Zalužany,VI.7,743577.61
2025,2025-10-15,Sulín,VI.24,29999.43
2025,2025-10-15,Holumnica,VI.24,94793.07
2025,2025-10-15,Veľký Lipník,VI.24,116160.4
2025,2025-10-15,Nemečky,VI.24,24354.55
2025,2025-10-15,Veľké Chyndice,VI.24,13477.37
2025,2025-10-15,Veľké Chyndice,VI.24,21435.53
2025,2025-10-15,Koprivnica,VI.7,237439.0
2025,2025-10-15,Malá Hradná,VI.24,28638.0
2025,2025-10-15,Hrabovec nad Laborcom,VI.24,49770.04
2025,2025-10-15,Tekolďany,VI.24,44443.23
2025,2025-10-15,Malé Lednice,VI.24,26834.57
2025,2025-10-15,Prašník,VI.24,44493.13
2025,2025-10-15,Štiavnička,VI.24,23150.97
2025,2025-10-15,Ďurďošík,VI.24,88227.41
2025,2025-10-15,Trenčianske Bohuslavice,VI.24,30103.52
2025,2025-10-15,Rakovo,VI.24,149999.96
2025,2025-10-15,Rakovo,VI.7,195360.32
2025,2025-10-15,Závadka,VI.24,27804.84
2025,2025-10-15,Šalgovce,VI.24,34659.15
2025,2025-10-15,Livinské Opatovce,VI.24,17200.0
2025,2025-10-15,Trsťany,VI.24,24463.39
2025,2025-10-15,Matovce,VI.24,29496.1
2025,2025-10-15,Horná Ždaňa,VI.24,23748.78
2025,2025-10-15,Horná Ždaňa,VI.24,15559.2
2025,2025-10-15,Sklené Teplice,VI.24,33179.4
2025,2025-10-15,Sklené Teplice,VI.24,12499.0
2025,2025-10-15,Poráč,VI.24,87581.82
2025,2025-10-15,Slavkovce,VI.24,55754.66
2025,2025-10-15,Čakanovce,VI.24,28316.48
2025,2025-10-15,Blatné Remety,VI.24,17999.61
2025,2025-10-15,Chmeľov,VI.24,26939.92
2025,2025-10-15,Popudinské Močidľany,VI.24,53079.29
2025,2025-10-15,Jarabina,VI.24,31313.1
2025,2025-10-15,Bziny,VI.24,13540.3
2025,2025-10-15,Kalnište,VI.24,30048.0
2025,2025-10-15,Ruskovce,VI.24,26825.05
2025,2025-10-15,Pucov,VI.24,45877.11
2025,2025-10-15,Pucov,VI.7,122777.82
2025,2025-10-15,Breznička,VI.24,162154.42
2025,2025-10-15,Breznička,VI.24,18000.0
2025,2025-10-15,Závada,VI.24,29122.82
2025,2025-10-15,Bílkove Humence,VI.24,78238.9
2025,2025-10-15,Ladomerská Vieska,VI.24,37000.0
2025,2025-10-15,Chmeľnica,VI.24,130920.71
2025,2025-10-15,Chmeľnica,VI.24,20316.06
2025,2025-10-15,Svätý Kríž,VI.24,33562.93
2025,2025-10-15,Svätý Kríž,VI.7,725426.61
2025,2025-10-15,Brestovec,VI.24,29110.96
2025,2025-10-15,Brestovec,VI.24,17222.5
2025,2025-10-15,Peder,VI.24,32443.4
2025,2025-10-15,Michalok,VI.24,25413.86
2025,2025-10-15,Fijaš,VI.24,29000.22
2025,2025-10-15,Breziny,VI.24,32643.0
2025,2025-10-15,Podlužany,VI.24,98375.39
2025,2025-10-15,Háj,VI.24,33004.62
2025,2025-10-15,Rohov,VI.24,77612.68
2025,2025-10-15,Lužany pri Topli,VI.24,51740.95
2025,2025-10-15,Štvrtok,VI.24,55500.72
2025,2025-10-15,Slatina nad Bebravou,VI.24,18556.54
2025,2025-10-15,Veľké Chlievany,VI.24,42105.42
2025,2025-10-15,Veľké Chlievany,VI.24,34803.15
2025,2025-10-15,Biskupová,VI.24,15915.53
2025,2025-10-15,Vlača,VI.24,96680.1
2025,2025-10-15,Topoľovka,VI.24,47472.55
2025,2025-10-15,Senohrad,VI.24,27029.4
2025,2025-10-15,Osrblie,VI.24,33295.94
2025,2025-10-15,Štefanová,VI.24,67010.04
2025,2025-10-15,Slovenská Volová,VI.24,16144.36
2025,2025-10-15,Prituľany,VI.24,21892.37
2025,2025-10-15,Porostov,VI.24,19880.11
2025,2025-10-15,Porostov,VI.24,19879.0
2025,2025-10-15,Vojkovce,VI.24,100251.82
2025,2025-10-15,Nižná Rybnica,VI.24,17992.7
2025,2025-10-15,Oreské,VI.24,19921.25
2025,2025-10-15,Oreské,VI.24,19921.25
2025,2025-10-15,Veľký Slivník,VI.24,37484.66
2025,2025-10-15,Brestov,VI.24,20000.0
2025,2025-10-15,Gemer,VI.24,168500.9
2025,2025-10-15,Gemer,VI.24,44611.42
2025,2025-10-15,Veľká Lesná,VI.24,36694.09
2025,2025-10-15,Turík,VI.24,22808.29
2025,2025-10-15,Domadice,VI.24,13247.0
2025,2025-10-15,Malá Franková,VI.24,20066.7
2025,2025-10-15,Nemčice,VI.24,72393.73
2025,2025-10-15,Ratkovské Bystré,VI.24,65000.0
2025,2025-10-15,Ratkovské Bystré,VI.24,58612.78
2025,2025-10-15,Zemianske Podhradie,VI.24,36938.05
2025,2025-10-15,Osikov,VI.24,26384.45
2025,2025-10-15,Hlboké nad Váhom,VI.4,1354948.63
2025,2025-10-15,Matiašovce,VI.24,40000.0
2025,2025-10-15,Matiašovce,VI.24,14352.0
2025,2025-10-15,Lekárovce,VI.24,49946.7
2025,2025-10-15,Slatvina,VI.24,75344.87
2025,2025-10-15,Chmiňany,VI.24,19970.23
2025,2025-10-15,Michal nad Žitavou,VI.24,61933.68
2025,2025-10-15,Malé Ozorovce,VI.24,61107.83
2025,2025-10-15,Sopkovce,VI.24,15582.25
2025,2025-10-15,Ohradzany,VI.24,17572.01
2025,2025-10-15,Jedľové Kostoľany,VI.24,25127.48
2025,2025-10-15,Stebník,VI.24,56717.59
2025,2025-10-15,Porúbka,VI.24,71392.69
2025,2025-10-15,Čečehov,VI.24,49460.77
2025,2025-10-15,Paňovce,VI.24,32751.7
2025,2025-10-15,Turnianska Nová Ves,VI.24,33401.66
2025,2025-10-15,Žemliare,VI.24,16986.98
2025,2025-10-15,Ružiná,VI.7,168848.79
2025,2025-10-15,Rejdová,VI.7,215485.94
2025,2025-10-15,CHORVÁTY,VI.24,33354.3
2025,2025-10-15,Košická Belá,VI.24,51248.26
2025,2025-10-15,Jankovce,VI.24,16970.37
2025,2025-10-15,Smrečany,VI.24,26624.48
2025,2025-10-15,Otrhánky,VI.24,14999.52
2025,2025-10-15,Sádočné,VI.24,26134.21
2025,2025-10-15,Dolné Naštice,VI.24,42651.9
2025,2025-10-15,Vlachy,VI.24,24788.6
2025,2025-10-15,Lechnica,VI.24,25000.0
2025,2025-10-15,Kunešov,VI.24,16300.0
2025,2025-10-15,Kremnické Bane,VI.24,20394.17
2025,2025-10-15,Kremnické Bane,VI.24,16278.0
2025,2025-10-15,Ruská Kajňa,VI.24,17565.12
2025,2025-10-15,Jovsa,VI.24,14632.51
2025,2025-10-15,Suchohrad,VI.24,25400.0
2025,2025-10-15,Veľký Folkmar,VI.24,37789.37
2025,2025-10-15,Kečkovce,VI.24,31274.48
2025,2025-10-15,Oravce,VI.24,50000.0
2025,2025-10-15,Radoma,VI.24,56523.08
2025,2025-10-15,Belejovce,VI.24,27995.34
2025,2025-10-15,Medzany,VI.24,26688.13
2025,2025-10-15,Žarnov,VI.24,38749.92
2025,2025-10-15,Nižný Komárnik,VI.24,47743.98
2025,2025-10-15,Holčíkovce,VI.24,36111.48
2025,2025-10-15,Holčíkovce,VI.7,135440.82
2025,2025-10-15,Malý Kamenec,VI.24,64147.86
2025,2025-10-15,Brhlovce,VI.24,30000.0
2025,2025-10-15,Závadka,VI.24,63000.0
2025,2025-10-15,Stará Voda,VI.24,78422.42
2025,2025-10-15,Malé Uherce,VI.24,25289.44
2025,2025-10-15,Žiar,VI.7,361122.0
2025,2025-10-15,Žiar,VI.24,30000.0
2025,2025-10-15,Liptovská Teplá,VI.24,30645.27
2025,2025-10-15,Liptovské Sliače,VI.24,49183.2
2025,2025-10-15,Ľubeľa,VI.24,83621.85
2025,2025-10-15,Kunerad,VI.24,36708.68
2025,2025-10-15,Lieskovec,VI.24,46000.0
2025,2025-10-15,Dvorníky,VI.24,21560.0
2025,2025-10-15,Vinohrady nad Váhom,VI.24,18168.68
2025,2025-10-15,Pohorelá,VI.24,90220.49
2025,2025-10-15,Šumiac,VI.4,341894.52
2025,2025-10-15,Beňuš,VI.24,98465.57
2025,2025-10-15,Prakovce,VI.24,39560.4
2025,2025-10-15,Abrahámovce,VI.24,81611.52
2025,2025-10-15,Čierny Balog,VI.24,91206.92
2025,2025-10-15,Pohronská Polhora,VI.24,20468.97
2025,2025-10-15,Kráľová nad Váhom,VI.24,39119.56
2025,2025-10-15,Chynorany,VI.24,15967.72
2025,2025-10-15,Chynorany,VI.24,23868.97
2025,2025-10-15,Hrnčiarovce nad Parnou,VI.24,35962.94
2025,2025-10-15,Mníšek nad Hnilcom,VI.24,47625.07
2025,2025-10-15,Jaslovské Bohunice,VI.24,90378.61
2025,2025-10-15,Tisovec,VI.24,88303.59
2025,2025-10-15,Tisovec,VI.24,80000.0
2025,2025-10-15,Palín,VI.24,17583.72
2025,2025-10-15,Spišská Stará Ves,VI.24,24648.0
2025,2025-10-15,Konská,VI.24,82133.78
2025,2025-10-15,Žabokreky nad Nitrou,VI.24,28500.0
2025,2025-10-15,Skačany,VI.24,9724.1
2025,2025-10-15,Veľké Uherce,VI.24,35388.68
2025,2025-10-15,Nedanovce,VI.24,23988.29
2025,2025-10-15,Lokca,VI.24,30000.0
2025,2025-10-15,Oravská Jasenica,VI.24,55757.54
2025,2025-10-15,Veľké Úľany,VI.24,48890.04
2025,2025-10-15,Zákamenné,VI.24,37672.32
2025,2025-10-15,Strekov,VI.24,33468.3
2025,2025-10-15,Dubník,VI.24,29747.42
2025,2025-10-15,Dubník,VI.24,19661.08
2025,2025-10-15,Jasová,VI.24,23690.34
2025,2025-10-15,Oravská Polhora,VI.24,81647.13
2025,2025-10-15,Klin,VI.24,29767.78
2025,2025-10-15,Pusté Úľany,VI.24,49982.22
2025,2025-10-15,Rajec,VI.24,73000.0
2025,2025-10-15,Klátova Nová Ves,VI.24,32662.06
2025,2025-10-15,Nedožery - Brezany,VI.24,37197.52
2025,2025-10-15,Nedožery - Brezany,VI.24,50000.0
2025,2025-10-15,Lozorno,VI.24,103977.21
2025,2025-10-15,Fintice,VI.24,20691.6
2025,2025-10-15,Breza,VI.24,23974.83
2025,2025-10-15,Terňa,VI.24,79380.18
2025,2025-10-15,Iňačovce,VI.24,176180.75
2025,2025-10-15,Vysoká pri Morave,VI.24,43300.0
2025,2025-10-15,Vráble,VI.24,13199.92
2025,2025-10-15,Fiľakovo,VI.24,80000.0
2025,2025-10-15,Cinobaňa,VI.24,40982.82
2025,2025-10-15,Cinobaňa,VI.24,13365.48
2025,2025-10-15,Orlov,VI.24,9893.5
2025,2025-10-15,Plaveč,VI.24,26996.3
2025,2025-10-15,Ľubotín,VI.24,27725.17
2025,2025-10-15,Mlynky,VI.24,7757.83
2025,2025-10-15,Sejkov,VI.24,22773.84
2025,2025-10-15,Sejkov,VI.24,22773.0
2025,2025-10-15,Lúčky,VI.24,40826.0
2025,2025-10-15,Sliač,VI.24,30000.0
2025,2025-10-15,Sliač,VI.24,30000.0
2025,2025-10-15,Jakubov,VI.24,50000.0
2025,2025-10-15,Jakubov,VI.24,43119.0
2025,2025-10-15,Hladovka,VI.24,96100.44
2025,2025-10-15,Partizánska Ľupča,VI.24,32500.0
2025,2025-10-15,Habovka,VI.24,49638.22
2025,2025-10-15,Habovka,VI.24,49637.0
2025,2025-10-15,Ľubotice,VI.24,45276.2
2025,2025-10-15,Liesek,VI.24,43097.85
2025,2025-10-15,Hruštín,VI.24,98189.21
2025,2025-10-15,Hruštín,VI.24,12480.0
2025,2025-10-15,Vitanová,VI.24,39429.08
2025,2025-10-15,Vitanová,VI.24,39428.0
2025,2025-10-15,Kovarce,VI.24,30347.46
2025,2025-10-15,Kovarce,VI.24,21633.08
2025,2025-10-15,Kremnica,VI.24,61976.8
2025,2025-10-15,Šahy,VI.24,68690.19
2025,2025-10-15,Šahy,VI.24,16000.0
2025,2025-10-15,Pribeta,VI.24,43923.05
2025,2025-10-15,Gbelce,VI.24,25972.57
2025,2025-10-15,Gbelce,VI.24,38103.73
2025,2025-10-15,Výčapy-Opatovce,VI.24,40250.0
2025,2025-10-15,Bystré,VI.24,166017.93
2025,2025-10-15,Prosačov,VI.7,243154.0
2025,2025-10-15,Tešedíkovo,VI.24,37529.33
2025,2025-10-15,Radošina,VI.24,60844.78
2025,2025-10-15,Čečejovce,VI.24,29046.23
2025,2025-10-15,Voderady,VI.24,20602.5
2025,2025-10-15,Križovany nad Dudváhom,VI.24,17766.0
2025,2025-10-15,Dlhá nad Oravou,VI.24,66691.16
2025,2025-10-15,Dlhá nad Oravou,VI.24,49791.0
2025,2025-10-15,Veľká Čausa,VI.24,35294.2
2025,2025-10-15,Lendak,VI.24,44539.02
2025,2025-10-15,Hrochoť,VI.24,14629.62
2025,2025-10-15,Hrochoť,VI.24,39900.0
2025,2025-10-15,Nitrianska Blatnica,VI.24,15900.0
2025,2025-10-15,Nitrianska Blatnica,VI.24,18499.3
2025,2025-10-15,Kostoľany nad Hornádom,VI.24,67108.24
2025,2025-10-15,Sokoľ,VI.24,72630.01
2025,2025-10-15,Kysak,VI.24,70621.26
2025,2025-10-15,Uhrovské Podhradie,VI.24,5000.09
2025,2025-10-15,Uhrovec,VI.24,51926.73
2025,2025-10-15,Veľká Ida,VI.24,31414.63
2025,2025-10-15,Žiar nad Hronom,VI.24,36418.68
2025,2025-10-15,Žiar nad Hronom,VI.24,10832.04
2025,2025-10-15,Abrahám,VI.24,35310.92
2025,2025-10-15,Ratvaj,VI.24,35987.73
2025,2025-10-15,Trstice,VI.24,38478.2
2025,2025-10-15,Majcichov,VI.24,36557.99
2025,2025-10-15,Revúca,VI.24,232221.72
2025,2025-10-15,Zeleneč,VI.24,41811.54
2025,2025-10-15,Cífer,VI.24,90209.03
2025,2025-10-15,Modrý Kameň,VI.24,22470.44
2025,2025-10-15,Bánovce nad Bebravou,VI.24,69655.09
2025,2025-10-15,Semerovo,VI.24,26954.17
2025,2025-10-15,Udavské,VI.24,56505.01
2025,2025-10-15,Melčice - Lieskové,VI.24,9281.61
2025,2025-10-15,Helcmanovce,VI.24,52797.29
2025,2025-10-15,Helcmanovce,VI.24,50965.03
2025,2025-10-15,Svätý Peter,VI.24,14565.43
2025,2025-10-15,JELENEC,VI.24,14679.68
2025,2025-10-15,JELENEC,VI.24,23842.07
2025,2025-10-15,Kostolište,VI.24,79191.26
2025,2025-10-15,Slovinky,VI.24,39456.24
2025,2025-10-15,Kľušov,VI.24,27000.0
2025,2025-10-15,Soľ,VI.24,26397.16
2025,2025-10-15,Hanušovce nad Topľou,VI.24,27537.49
2025,2025-10-15,Nesvady,VI.24,95922.99
2025,2025-10-15,Nesvady,VI.24,15147.2
2025,2025-10-15,Dvory nad Žitavou,VI.24,72340.02
2025,2025-10-15,Dvory nad Žitavou,VI.24,19056.78
2025,2025-10-15,Strážske,VI.24,39508.74
2025,2025-10-15,Babín,VI.24,21249.66
2025,2025-10-15,Brezov,VI.24,28469.83
2025,2025-10-15,Želmanovce,VI.24,18386.29
2025,2025-10-15,Špačince,VI.24,64863.68
2025,2025-10-15,Bátorove Kosihy,VI.24,96978.8
2025,2025-10-15,Šarbov,VI.24,16298.79
2025,2025-10-15,Nová Ľubovňa,VI.24,88075.6
2025,2025-10-15,Nová Ľubovňa,VI.24,57741.6
2025,2025-10-15,Zákopčie,VI.24,17500.0
2025,2025-10-15,Zuberec,VI.24,25152.0
2025,2025-10-15,Modrany,VI.24,10718.58
2025,2025-10-15,Čiližská Radvaň,VI.24,58849.01
2025,2025-10-15,Veľký Meder,VI.24,17389.2
2025,2025-10-15,Sokolce,VI.24,57700.0
2025,2025-10-15,Modra,VI.24,100000.0
2025,2025-10-15,Modra,VI.24,22309.84
2025,2025-10-15,Sady nad Torysou,VI.24,28222.28
2025,2025-10-15,Smilno,VI.24,50000.0
2025,2025-10-15,Pribeník,VI.24,41821.54
2025,2025-10-15,Ďurčiná,VI.4,1384099.08
2025,2025-10-15,Sľažany,VI.24,23550.34
2025,2025-10-15,Močenok,VI.24,20657.9
2025,2025-10-15,Lehota,VI.24,39718.13
2025,2025-10-15,Lehota,VI.24,12000.0
2025,2025-10-15,Príbovce,VI.24,18471.24
2025,2025-10-15,Kračúnovce,VI.24,26609.99
2025,2025-10-15,Vlčany,VI.24,37537.0
2025,2025-10-15,Obyce,VI.24,43253.78
2025,2025-10-15,Medzilaborce,VI.24,26239.2
2025,2025-10-15,Košťany nad Turcom,VI.24,55000.0
2025,2025-10-15,Košťany nad Turcom,VI.24,14382.23
2025,2025-10-15,Kšinná,VI.24,14364.99
2025,2025-10-15,Báb,VI.24,33700.0
2025,2025-10-15,Báb,VI.24,12167.64
2025,2025-10-15,Jarok,VI.24,31475.89
2025,2025-10-15,Jarok,VI.24,7558.98
2025,2025-10-15,Sirk,VI.24,136008.76
2025,2025-10-15,Valaská Belá,VI.24,27926.99
2025,2025-10-15,Mokrá Lúka,VI.24,50827.2
2025,2025-10-15,Mokrá Lúka,VI.24,59823.16
2025,2025-10-15,Lutila,VI.24,36900.8
2025,2025-10-15,Lutila,VI.4,1042548.96
2025,2025-10-15,Demandice,VI.24,32249.68
2025,2025-10-15,Chudá Lehota,VI.7,129649.77
2025,2025-10-15,Čimhová,VI.7,93036.0
2025,2025-10-15,Čimhová,VI.7,250000.0
2025,2025-10-15,Svidník,VI.24,50000.0
2025,2025-10-15,Svidník,VI.24,46366.06
2025,2025-10-15,Želovce,VI.24,23168.47
2025,2025-10-15,Jedlinka,VI.24,22238.06
2025,2025-10-15,Zohor,VI.24,79165.7
2025,2025-10-15,Brzotín,VI.24,99990.61
2025,2025-10-15,Rožňava,VI.24,100000.0
2025,2025-10-15,Poniky,VI.24,49838.67
2025,2025-10-15,Bošany,VI.24,70000.0
2025,2025-10-15,Bošany,VI.24,11144.12
2025,2025-10-15,Stará Ľubovňa,VI.24,90335.63
2025,2025-10-15,Stará Ľubovňa,VI.24,65544.15
2025,2025-10-15,Žitavany,VI.24,45493.78
2025,2025-10-15,Malacky,VI.24,80000.0
2025,2025-10-15,Lastomír,VI.24,73874.95
2025,2025-10-15,Vozokany,VI.24,33564.23
2025,2025-10-15,Zlatno,VI.24,5914.68
2025,2025-10-15,Budča,VI.24,100000.0
2025,2025-10-15,Krupina,VI.24,100000.0
2025,2025-10-15,Opoj,VI.24,15056.4
2025,2025-10-15,Chrenovec-Brusno,VI.24,99900.0
2025,2025-10-15,Oravský Podzámok,VI.24,47690.96
2025,2025-10-15,Oravský Podzámok,VI.24,47689.0
2025,2025-10-15,Sekule,VI.24,77980.73
2025,2025-10-15,Kopčany,VI.24,58993.53
2025,2025-10-15,Zborov nad Bystricou,VI.24,20000.0
2025,2025-10-15,Mojmírovce,VI.24,70000.0
2025,2025-10-15,Šenkvice,VI.24,77994.0
2025,2025-10-15,Veľký Slavkov,VI.24,71531.92
2025,2025-10-15,Belá-Dulice,VI.24,54976.1
2025,2025-10-15,Dojč,VI.24,72215.03
2025,2025-10-15,Nová Bašta,VI.24,99897.83
2025,2025-10-15,Novoť,VI.24,9314.79
2025,2025-10-15,Novoť,VI.24,41000.0
2025,2025-10-15,Báhoň,VI.24,38444.42
2025,2025-10-15,Zemianska Olča,VI.24,70367.38
2025,2025-10-15,Zemianska Olča,VI.24,35418.5
2025,2025-10-15,Nemecká,VI.24,71504.61
2025,2025-10-15,Trenčianske Stankovce,VI.24,13224.0
2025,2025-10-15,Šarišské Jastrabie,VI.24,27738.68
2025,2025-10-15,Pravenec,VI.24,38484.89
2025,2025-10-15,Pravenec,VI.24,30917.83
2025,2025-10-15,Beckov,VI.24,31868.76
2025,2025-10-15,Doľany,VI.24,88762.48
2025,2025-10-15,Kozárovce,VI.24,8640.0
2025,2025-10-15,Imeľ,VI.24,74863.96
2025,2025-10-15,Viničné,VI.24,100000.0
2025,2025-10-15,Kláštor pod Znievom,VI.24,87410.1
2025,2025-10-15,Vyšný Žipov,VI.24,45114.13
2025,2025-10-15,Rajecké Teplice,VI.24,29861.3
2025,2025-10-15,Smižany,VI.24,15000.0
2025,2025-10-15,Oravské Veselé,VI.24,32980.0
2025,2025-10-15,Okoč,VI.24,49992.66
2025,2025-10-15,Lakšárska Nová Ves,VI.24,77982.88
2025,2025-10-15,Pečeňady,VI.24,8122.0
2025,2025-10-15,Chminianska Nová Ves,VI.24,49609.27
2025,2025-10-15,Liešťany,VI.24,49049.72
2025,2025-10-15,Brusno,VI.24,89197.38
2025,2025-10-15,Bojnice,VI.24,95901.02
2025,2025-10-15,Trstená,VI.24,80160.43
2025,2025-10-15,Gajary,VI.24,44711.73
2025,2025-10-15,Potok,VI.24,21787.67
2025,2025-10-15,Nálepkovo,VI.24,18600.0
2025,2025-10-15,Michalová,VI.24,78150.56
2025,2025-10-15,Plavecký Štvrtok,VI.24,81351.26
2025,2025-10-15,Poruba pod Vihorlatom,VI.24,24804.39
2025,2025-10-15,Sobotište,VI.24,34300.43
2025,2025-10-15,Zubrohlava,VI.24,30000.0
2025,2025-10-15,Palárikovo,VI.24,69956.62
2025,2025-10-15,Staškov,VI.24,40000.0
2025,2025-10-15,Láb,VI.24,75974.12
2025,2025-10-15,Parchovany,VI.24,27976.34
2025,2025-10-15,Topoľčianky,VI.24,77219.97
2025,2025-10-15,Urmince,VI.24,15918.0
2025,2025-10-15,Baláže,VI.24,42041.64
2025,2025-10-15,Kamienka,VI.24,39998.56
2025,2025-10-15,Bobrov,VI.24,26328.0
2025,2025-10-15,Prašice,VI.24,21833.64
2025,2025-10-15,Muráň,VI.24,23379.9
2025,2025-10-15,Číčov,VI.24,59477.69
2025,2025-10-15,Hrabkov,VI.24,69737.03
2025,2025-10-15,Chminianske Jakubovany,VI.24,31714.07
2025,2025-10-15,Lubeník,VI.24,179170.62
2025,2025-10-15,Vyhne,VI.24,37000.0
2025,2025-10-15,Slovenská Ves,VI.24,39985.62
2025,2025-10-15,Plavnica,VI.24,9000.0
2025,2025-10-15,Okoličná na Ostrove,VI.24,57771.63
2025,2025-10-15,Marcelová,VI.24,73331.66
2025,2025-10-15,Sihelné,VI.24,52668.0
2025,2025-10-15,Radzovce,VI.24,79891.33
2025,2025-10-15,Gemerský Jablonec,VI.24,50147.84
2025,2025-10-15,Župčany,VI.24,49468.96
2025,2025-10-15,Dolný Štál,VI.24,100000.0
2025,2025-10-15,Krompachy,VI.24,43997.1
2025,2025-10-15,Hrabušice,VI.24,47760.9
